task_index,task_name,D,n_magnitudes,magnitudes_multiple_of_unit,n_episodes,n_valid,valid_rate,phi0_mean,phi0_max,episodes_phi0_gt0,phi0_frac_gt0,phi0_init_mean,initially_true_literals,initially_true_unknown,census_alignment,never_credited_mean,never_credited_frac_gt0,lost_at_end_mean,max_dip_units,episodes_ended_short,demo_completion_rate,frac_intermediate,max_step_frac,n_credit_events,n_levels,t_first_credit,mean_progress,episodes_nonmonotonic,rollback_rewards_zeroed,drop_reasons,note
0,turning_on_radio,1.0,1.0,True,200,200.0,1.0,0.0,0.0,0.0,0.0,0.0,0.0,0.0,aligned,0.0,0.0,0.0,1.0,0.0,1.0,0.0,1.0,1.005,2.0,0.7182,0.2819,1.0,22.0,{},
1,picking_up_trash,3.0,3.0,True,200,199.0,0.995,0.050251,0.666667,28.0,0.1407,0.0,0.0,3.0,aligned,0.150754,0.1407,0.0,1.0,28.0,0.8593,0.3678,0.3333,3.216,3.849,0.4844,0.3087,51.0,23.0,"{""over_credited"": 1}",
2,putting_away_Halloween_decorations,7.0,3.0,True,200,182.0,0.91,0.088697,0.571429,90.0,0.4945,0.0,0.0,8.0,ambiguous,0.620879,0.4945,0.0,2.0,90.0,0.5055,0.6727,0.1531,8.527,7.363,0.2051,0.3292,182.0,117.0,"{""not_terminated"": 1, ""over_credited"": 17}",
3,cleaning_up_plates_and_food,7.0,3.0,True,200,199.0,0.995,0.160086,0.571429,180.0,0.9045,0.0,0.0,8.0,ambiguous,1.120603,0.9045,0.0,2.0,180.0,0.0955,0.7558,0.1457,26.804,6.879,0.1691,0.3272,199.0,327.0,"{""over_credited"": 1}",
4,can_meat,9.0,2.0,True,200,200.0,1.0,0.457912,0.666667,198.0,1.0,0.552222,5.0,4.0,aligned,1.955,0.94,0.02,1.0,188.0,0.06,0.8589,0.1128,8.31,5.86,0.6927,0.4735,200.0,0.0,{},
5,setting_mousetraps,6.0,3.0,True,200,199.0,0.995,0.190236,0.5,163.0,0.8232,0.0,0.0,6.0,aligned,1.140703,0.8241,0.005025,2.0,164.0,0.1759,0.5136,0.1734,7.106,5.839,0.3826,0.3147,146.0,34.0,"{""not_terminated"": 1}",
6,hiding_Easter_eggs,9.0,4.0,True,200,199.0,0.995,0.378001,0.666667,199.0,1.0,0.0,0.0,6.0,aligned,3.40201,1.0,0.0,2.0,199.0,0.0,0.4107,0.1117,6.367,6.593,0.514,0.1689,99.0,39.0,"{""not_terminated"": 1}",
7,picking_up_toys,6.0,2.0,True,200,199.0,0.995,0.126263,0.666667,106.0,0.5354,0.0,0.0,6.0,aligned,0.763819,0.5377,0.005025,1.0,107.0,0.4623,0.7161,0.1667,6.508,6.236,0.2469,0.2816,138.0,56.0,"{""over_credited"": 1}",
8,rearranging_kitchen_furniture,,,,200,,,,,,,,,,,,,,,,,,,,,,,,,,no reward signal
9,putting_up_Christmas_decorations_inside,9.0,3.0,True,200,199.0,0.995,0.212963,0.666667,186.0,0.9688,0.0,0.0,9.0,aligned,1.959799,0.9698,0.035176,2.0,193.0,0.0302,0.7733,0.1133,10.678,8.035,0.1791,0.3907,189.0,81.0,"{""not_terminated"": 1}",
10,set_up_a_coffee_station_in_your_kitchen,6.0,1.0,True,200,199.0,0.995,0.266323,0.666667,188.0,0.9691,0.164992,1.0,5.0,aligned,1.120603,0.6834,0.030151,1.0,136.0,0.3166,0.8048,0.1667,6.729,5.387,0.3229,0.401,189.0,28.0,"{""not_terminated"": 1}",
11,putting_dishes_away_after_cleaning,14.0,1.0,True,200,200.0,1.0,0.9275,0.928571,200.0,1.0,0.0,0.0,10.0,ambiguous,12.985,1.0,0.0,1.0,200.0,0.0,0.0093,0.0714,1.185,2.015,0.8253,0.0025,34.0,192.0,{},
12,preparing_lunch_box,6.0,2.0,True,200,200.0,1.0,0.234888,0.666667,172.0,0.8912,0.150833,1.0,5.0,aligned,0.665,0.46,0.035,1.0,95.0,0.525,0.7212,0.1675,6.41,5.58,0.2774,0.4726,200.0,3.0,{},
13,loading_the_car,3.0,2.0,True,200,197.0,0.985,0.015228,0.333333,9.0,0.0457,0.0,0.0,3.0,aligned,0.045685,0.0457,0.0,1.0,9.0,0.9543,0.4269,0.3333,3.183,3.954,0.5043,0.2172,29.0,45.0,"{""over_credited"": 3}",
14,carrying_in_groceries,4.0,1.0,True,200,196.0,0.98,0.253866,0.5,170.0,0.8763,0.221939,1.0,2.0,aligned,0.19898,0.1939,0.010204,1.0,38.0,0.8061,0.7616,0.25,4.189,3.974,0.1681,0.4729,196.0,0.0,"{""over_credited"": 4}",
15,bringing_in_wood,3.0,2.0,True,200,199.0,0.995,0.05641,0.666667,30.0,0.1538,0.0,0.0,3.0,aligned,0.175879,0.1608,0.020101,1.0,34.0,0.8291,0.5133,0.3333,3.693,3.824,0.4373,0.2139,85.0,44.0,"{""over_credited"": 1}",
16,moving_boxes_to_storage,2.0,1.0,True,200,110.0,0.55,0.054545,0.5,12.0,0.1091,0.0,0.0,2.0,aligned,0.109091,0.1091,0.0,1.0,12.0,0.8909,0.4353,0.5,2.336,2.891,0.4677,0.284,44.0,15.0,"{""no_headroom"": 89, ""over_credited"": 1}",
17,bringing_water,3.0,2.0,True,200,198.0,0.99,0.050505,0.666667,29.0,0.1465,0.276094,1.0,2.0,aligned,0.126263,0.1212,0.0,1.0,24.0,0.8788,0.398,0.3333,5.48,3.848,0.5898,0.2582,198.0,12.0,"{""over_credited"": 2}",
18,tidying_bedroom,3.0,1.0,True,200,200.0,1.0,0.355,0.666667,198.0,0.99,0.0,0.0,3.0,aligned,1.065,0.99,0.0,1.0,198.0,0.01,0.0962,0.3333,3.12,2.935,0.3217,0.3751,121.0,21.0,{},
19,outfit_a_basic_toolbox,7.0,2.0,True,200,200.0,1.0,0.142857,0.428571,164.0,0.8241,0.266429,2.0,5.0,aligned,0.265,0.21,0.0,2.0,42.0,0.79,0.8107,0.1436,7.295,7.0,0.4703,0.4057,200.0,6.0,{},
20,sorting_vegetables,13.0,1.0,True,200,200.0,1.0,0.684615,0.846154,200.0,1.0,0.0,0.0,13.0,aligned,8.9,1.0,0.0,1.0,200.0,0.0,0.2535,0.0769,4.29,5.1,0.4533,0.1331,30.0,9.0,{},
21,collecting_childrens_toys,6.0,2.0,True,200,192.0,0.96,0.067019,0.5,61.0,0.3228,0.0,0.0,7.0,ambiguous,0.411458,0.3281,0.015625,1.0,64.0,0.6667,0.6762,0.1667,6.693,6.589,0.1278,0.584,126.0,38.0,"{""over_credited"": 8}",
22,putting_shoes_on_rack,10.0,2.0,True,200,195.0,0.975,0.115789,0.5,125.0,0.6579,0.0,0.0,10.0,aligned,1.184615,0.6667,0.035897,2.0,130.0,0.3333,0.803,0.1021,11.503,9.81,0.1514,0.3494,167.0,6.0,"{""not_terminated"": 1, ""over_credited"": 4}",
23,boxing_books_up_for_storage,6.0,1.0,True,200,198.0,0.99,0.196335,0.666667,133.0,0.6963,0.0,0.0,6.0,aligned,1.207071,0.7071,0.035354,1.0,140.0,0.2929,0.5323,0.1667,6.263,5.793,0.4052,0.2624,154.0,64.0,"{""over_credited"": 2}",
24,storing_food,,,,200,,,,,,,,,,,,,,,,,,,,,,,,,,no reward signal
25,clearing_food_from_table_into_fridge,5.0,2.0,True,200,200.0,1.0,0.352284,0.6,188.0,0.9543,0.192,1.0,4.0,aligned,0.945,0.72,0.015,1.0,144.0,0.28,0.3745,0.2,4.655,4.22,0.5816,0.272,200.0,4.0,{},
26,assembling_gift_baskets,16.0,2.0,True,200,199.0,0.995,0.757576,0.9375,198.0,1.0,0.0,0.0,16.0,aligned,12.130653,1.0,0.005025,2.0,199.0,0.0,0.4298,0.0625,4.372,4.869,0.4191,0.0883,60.0,26.0,"{""not_terminated"": 1}",
27,sorting_household_items,8.0,2.0,True,200,200.0,1.0,0.133166,0.375,195.0,0.9799,0.123125,1.0,7.0,aligned,0.675,0.605,0.005,2.0,121.0,0.395,0.7789,0.1263,10.785,7.925,0.3142,0.3926,199.0,12.0,{},
28,getting_organized_for_work,10.0,3.0,True,200,200.0,1.0,0.403518,0.7,198.0,0.995,0.2985,3.0,7.0,aligned,3.065,0.985,0.005,2.0,197.0,0.015,0.834,0.157,24.495,6.88,0.4516,0.3788,200.0,26.0,{},
29,clean_up_your_desk,11.0,3.0,True,200,186.0,0.93,0.162338,0.454545,169.0,0.9286,0.086022,1.0,9.0,aligned,1.032258,0.6022,0.021505,3.0,112.0,0.3978,0.8392,0.0973,13.156,10.14,0.1729,0.3826,186.0,4.0,"{""over_credited"": 14}",
30,setting_the_fire,8.0,3.0,True,200,198.0,0.99,0.14899,0.5,183.0,0.9242,0.11553,1.0,4.0,aligned,0.363636,0.2626,0.0,3.0,52.0,0.7374,0.5578,0.137,9.414,7.707,0.4219,0.2725,198.0,3.0,"{""over_credited"": 2}",
31,clean_boxing_gloves,1.0,1.0,True,200,200.0,1.0,0.0,0.0,0.0,0.0,0.0,0.0,0.0,ambiguous,0.0,0.0,0.0,0.0,0.0,1.0,0.0,1.0,1.0,2.0,0.9548,0.0453,0.0,35.0,{},
32,wash_a_baseball_cap,1.0,1.0,True,200,200.0,1.0,0.0,0.0,0.0,0.0,0.0,0.0,0.0,ambiguous,0.0,0.0,0.0,0.0,0.0,1.0,0.0,1.0,1.0,2.0,0.9268,0.0733,0.0,30.0,{},
33,wash_dog_toys,6.0,4.0,True,200,199.0,0.995,0.333333,0.333333,199.0,1.0,0.333333,2.0,0.0,aligned,0.0,0.0,0.0,0.0,0.0,1.0,0.0001,0.3333,2.0,3.0,0.9476,0.3683,0.0,27.0,"{""not_terminated"": 1}",
34,hanging_pictures,1.0,1.0,True,200,198.0,0.99,0.0,0.0,0.0,0.0,0.0,0.0,0.0,aligned,0.0,0.0,0.0,0.0,0.0,1.0,0.0,1.0,1.0,2.0,0.9413,0.0591,0.0,177.0,"{""no_headroom"": 2}",
35,attach_a_camera_to_a_tripod,1.0,1.0,True,200,200.0,1.0,0.0,0.0,0.0,0.0,0.0,0.0,0.0,aligned,0.0,0.0,0.0,0.0,0.0,1.0,0.0,1.0,1.0,2.0,0.8823,0.1179,0.0,36.0,{},
36,clean_a_patio,1.0,1.0,True,200,200.0,1.0,0.0,0.0,0.0,0.0,0.0,0.0,0.0,aligned,0.0,0.0,0.0,0.0,0.0,1.0,0.0,1.0,1.0,2.0,0.9438,0.0563,0.0,3.0,{},
37,clean_a_trumpet,1.0,1.0,True,200,198.0,0.99,0.0,0.0,0.0,0.0,0.0,0.0,0.0,aligned,0.0,0.0,0.0,0.0,0.0,1.0,0.0,1.0,1.0,2.0,0.8579,0.1423,0.0,34.0,"{""not_terminated"": 2}",
38,spraying_for_bugs,2.0,1.0,True,200,200.0,1.0,0.005,0.5,2.0,0.01,0.0,0.0,0.0,aligned,0.01,0.01,0.0,1.0,2.0,0.99,0.3963,0.5,2.0,2.99,0.3604,0.4377,2.0,4.0,{},
39,spraying_fruit_trees,2.0,2.0,True,200,200.0,1.0,0.0075,0.5,3.0,0.015,0.0,0.0,0.0,aligned,0.015,0.015,0.0,1.0,3.0,0.985,0.4375,0.5,2.0,2.985,0.3323,0.4441,3.0,8.0,{},
40,make_microwave_popcorn,1.0,1.0,True,200,200.0,1.0,0.0,0.0,0.0,0.0,0.0,0.0,0.0,ambiguous,0.0,0.0,0.0,0.0,0.0,1.0,0.0,1.0,1.0,2.0,0.9873,0.013,0.0,25.0,{},
41,cook_cabbage,2.0,2.0,True,200,198.0,0.99,0.0,0.0,0.0,0.0,0.0,0.0,0.0,ambiguous,0.0,0.0,0.0,0.0,0.0,1.0,0.0001,0.5,2.0,3.0,0.9906,0.0094,0.0,13.0,"{""not_terminated"": 2}",
42,chop_an_onion,4.0,1.0,True,200,200.0,1.0,0.065,0.5,48.0,0.24,0.0,0.0,2.0,aligned,0.26,0.24,0.0,1.0,48.0,0.76,0.2074,0.25,5.41,4.74,0.7304,0.1595,146.0,48.0,{},
43,slicing_vegetables,9.0,5.0,True,200,199.0,0.995,0.083761,0.555556,74.0,0.3795,0.101619,1.0,0.0,aligned,0.743719,0.3668,0.030151,3.0,73.0,0.6332,0.3223,0.1117,9.181,9.191,0.7105,0.1196,199.0,36.0,"{""over_credited"": 1}",
44,chopping_wood,4.0,1.0,True,200,200.0,1.0,0.07197,0.75,40.0,0.202,0.0,0.0,0.0,ambiguous,0.305,0.21,0.01,1.0,42.0,0.79,0.5749,0.25,4.0,4.695,0.3197,0.3618,42.0,26.0,{},
45,cook_hot_dogs,1.0,1.0,True,200,198.0,0.99,0.0,0.0,0.0,0.0,0.0,0.0,0.0,ambiguous,0.0,0.0,0.0,0.0,0.0,1.0,0.0,1.0,1.0,2.0,0.9937,0.0064,0.0,1.0,"{""not_terminated"": 2}",
46,cook_bacon,7.0,2.0,True,200,197.0,0.985,-0.0,-0.0,0.0,0.0,0.116751,1.0,0.0,aligned,0.0,0.0,0.0,1.0,0.0,1.0,0.5908,0.8571,2.223,3.036,0.7933,0.1006,197.0,27.0,"{""over_credited"": 3}",
47,freeze_pies,7.0,2.0,True,200,199.0,0.995,0.220388,0.571429,184.0,0.9246,0.132807,1.0,4.0,aligned,1.045226,0.5779,0.0,2.0,115.0,0.4221,0.7014,0.2857,5.422,5.462,0.5941,0.2016,199.0,6.0,"{""over_credited"": 1}",
48,canning_food,10.0,2.0,True,200,200.0,1.0,0.64949,0.8,196.0,1.0,0.5995,6.0,0.0,aligned,2.495,0.95,0.3,1.0,191.0,0.045,0.8686,0.101,7.905,4.775,0.337,0.5357,200.0,0.0,{},
49,make_pizza,2.0,2.0,True,200,199.0,0.995,0.0,0.0,0.0,0.0,0.0,0.0,1.0,aligned,0.0,0.0,0.0,1.0,0.0,1.0,0.0002,0.5,2.075,3.0,0.9711,0.0289,9.0,14.0,"{""over_credited"": 1}",
50,freeze_fruit,4.0,2.0,True,200,191.0,0.955,0.320652,0.75,161.0,0.875,0.0,0.0,7.0,ambiguous,1.287958,0.8743,0.04712,1.0,168.0,0.1204,0.3966,0.2526,4.518,3.712,0.5175,0.1676,191.0,57.0,"{""over_credited"": 9}",
51,cook_a_brisket,3.0,2.0,True,200,200.0,1.0,0.175973,0.666667,88.0,0.4467,0.326667,1.0,1.0,aligned,0.5,0.43,0.015,1.0,86.0,0.57,0.2747,0.3333,3.455,3.465,0.9006,0.1353,200.0,41.0,{},
52,sorting_bottles_cans_and_paper,3.0,1.0,True,200,200.0,1.0,0.049069,0.666667,28.0,0.1421,0.0,0.0,16.0,ambiguous,0.155,0.15,0.015,1.0,31.0,0.845,0.5114,0.3333,3.115,3.845,0.4529,0.2733,44.0,21.0,{},
53,tidying_living_room,4.0,3.0,True,200,156.0,0.78,0.195565,0.75,71.0,0.5726,0.0,0.0,4.0,aligned,0.833333,0.6026,0.25641,3.0,103.0,0.3397,0.4731,0.3462,5.583,4.128,0.3753,0.287,149.0,118.0,"{""over_credited"": 44}",
54,putting_away_toys,1.0,1.0,True,200,200.0,1.0,0.0,0.0,0.0,0.0,0.0,0.0,8.0,ambiguous,0.0,0.0,0.0,0.0,0.0,1.0,0.0,1.0,1.0,2.0,0.9893,0.0108,0.0,12.0,{},
55,re_shelving_library_books,1.0,1.0,True,200,200.0,1.0,0.0,0.0,0.0,0.0,0.0,0.0,3.0,ambiguous,0.0,0.0,0.0,1.0,0.0,1.0,0.0,1.0,1.01,2.0,0.9799,0.0202,2.0,128.0,{},
56,make_rose_centerpieces,4.0,3.0,True,200,194.0,0.97,0.135638,0.75,81.0,0.4309,0.0,0.0,4.0,aligned,0.56701,0.4485,0.041237,3.0,87.0,0.5515,0.4861,0.2577,5.041,4.433,0.4338,0.2709,137.0,126.0,"{""over_credited"": 6}",
57,sweeping_garage,2.0,2.0,True,200,200.0,1.0,0.01,0.5,4.0,0.02,0.0,0.0,0.0,aligned,0.02,0.02,0.0,1.0,4.0,0.98,0.0813,0.5075,1.985,2.965,0.8653,0.092,4.0,5.0,{},
58,stacking_wood,1.0,1.0,True,200,200.0,1.0,0.0,0.0,0.0,0.0,0.0,0.0,6.0,ambiguous,0.0,0.0,0.0,1.0,0.0,1.0,0.0,1.0,2.225,2.0,0.9855,0.0096,126.0,45.0,{},
59,organizing_art_supplies,5.0,3.0,True,200,194.0,0.97,0.125926,0.8,91.0,0.4815,0.0,0.0,5.0,aligned,0.659794,0.4948,0.025773,1.0,96.0,0.5052,0.5648,0.2021,7.402,5.34,0.3726,0.292,140.0,35.0,"{""over_credited"": 6}",
60,scrubbing_bathroom_floor,1.0,1.0,True,200,200.0,1.0,0.0,0.0,0.0,0.0,0.0,0.0,0.0,aligned,0.0,0.0,0.0,0.0,0.0,1.0,0.0,1.0,1.0,2.0,0.9525,0.0479,0.0,10.0,{},
61,bringing_paper_to_recycling,3.0,1.0,True,200,196.0,0.98,0.094017,0.666667,54.0,0.2769,0.277211,1.0,2.0,aligned,0.260204,0.2551,0.005102,1.0,50.0,0.7449,0.6387,0.3333,3.556,3.714,0.8902,0.2436,194.0,33.0,"{""over_credited"": 4}",
62,halve_an_egg,5.0,3.0,True,200,198.0,0.99,0.135751,0.6,99.0,0.513,0.0,0.0,3.0,aligned,0.70202,0.5253,0.025253,1.0,104.0,0.4747,0.3385,0.4,4.192,4.551,0.6145,0.2146,117.0,102.0,"{""over_credited"": 2}",
63,installing_smoke_detectors,1.0,1.0,True,200,200.0,1.0,0.0,0.0,0.0,0.0,0.0,0.0,0.0,aligned,0.0,0.0,0.0,0.0,0.0,1.0,0.0,1.0,1.0,2.0,0.9502,0.0502,0.0,38.0,{},
64,setting_the_table,4.0,2.0,True,200,184.0,0.92,0.201149,0.5,108.0,0.6207,0.0,0.0,8.0,ambiguous,0.86413,0.6413,0.059783,2.0,118.0,0.3587,0.655,0.2595,4.565,4.125,0.2724,0.2429,150.0,87.0,"{""over_credited"": 16}",
65,unloading_the_car,2.0,2.0,True,200,197.0,0.985,0.120419,0.5,46.0,0.2408,0.0,0.0,2.0,aligned,0.233503,0.2335,0.030457,1.0,52.0,0.736,0.0254,0.5,2.508,2.766,0.8966,0.0743,100.0,82.0,"{""over_credited"": 3}",
66,turning_out_all_lights_before_sleep,2.0,1.0,True,200,199.0,0.995,0.090452,0.5,36.0,0.1809,0.0,0.0,0.0,ambiguous,0.180905,0.1809,0.0,1.0,36.0,0.8191,0.1825,0.5,2.0,2.819,0.7646,0.1215,36.0,87.0,"{""over_credited"": 1}",
67,boxing_food_after_dinner,5.0,1.0,True,200,197.0,0.985,0.302645,0.8,158.0,0.836,0.0,0.0,6.0,ambiguous,1.532995,0.8376,0.045685,1.0,166.0,0.1574,0.439,0.2,6.751,4.467,0.4948,0.1889,197.0,67.0,"{""over_credited"": 3}",
68,cleaning_up_branches_and_twigs,2.0,2.0,True,200,194.0,0.97,0.390625,0.5,150.0,0.7812,0.0,0.0,5.0,ambiguous,0.773196,0.7732,0.010309,1.0,152.0,0.2165,0.0937,0.5,1.66,2.227,0.6813,0.1493,71.0,267.0,"{""over_credited"": 6}",
69,vacuuming_floors,1.0,1.0,True,200,199.0,0.995,0.0,0.0,0.0,0.0,0.0,0.0,0.0,aligned,0.0,0.0,0.0,0.0,0.0,1.0,0.0,1.0,1.0,2.0,0.9178,0.0826,0.0,64.0,"{""no_headroom"": 1}",
70,thawing_frozen_food,7.0,2.0,True,200,200.0,1.0,0.255523,0.714286,176.0,0.9072,0.0,0.0,6.0,ambiguous,1.84,0.91,0.03,2.0,182.0,0.09,0.7997,0.1471,10.085,6.145,0.1399,0.3214,200.0,198.0,{},
71,clean_your_rusty_garden_tools,5.0,2.0,True,200,199.0,0.995,0.111558,0.6,88.0,0.4422,0.18392,1.0,2.0,aligned,0.487437,0.3819,0.0,2.0,76.0,0.6181,0.7174,0.2,5.462,5.442,0.5017,0.3016,199.0,39.0,"{""over_credited"": 1}",
72,cook_a_frozen_pie,2.0,1.0,True,200,178.0,0.89,0.005618,0.5,2.0,0.0112,0.0,0.0,1.0,aligned,0.011236,0.0112,0.0,1.0,2.0,0.9888,0.4604,0.5,15.511,2.989,0.5181,0.2458,177.0,86.0,"{""over_credited"": 22}",
73,organizing_school_stuff,6.0,3.0,True,200,197.0,0.985,0.315029,0.833333,151.0,0.8728,0.0,0.0,6.0,aligned,2.050761,0.8883,0.126904,1.0,175.0,0.1117,0.73,0.1684,6.345,4.949,0.1176,0.3116,182.0,241.0,"{""over_credited"": 3}",
74,carrying_out_garden_furniture,2.0,1.0,True,200,200.0,1.0,0.145729,0.5,58.0,0.2915,0.0,0.0,2.0,aligned,0.29,0.29,0.005,1.0,59.0,0.705,0.4036,0.5,2.59,2.71,0.4148,0.2965,92.0,154.0,{},
75,put_together_a_basic_pruning_kit,4.0,2.0,True,200,200.0,1.0,0.30402,0.75,184.0,0.9246,0.45625,2.0,2.0,aligned,0.495,0.425,0.025,2.0,86.0,0.57,0.6256,0.25,4.81,3.775,0.6969,0.4128,200.0,13.0,{},
76,dispose_of_glass,1.0,1.0,True,200,200.0,1.0,0.0,0.0,0.0,0.0,0.0,0.0,4.0,ambiguous,0.0,0.0,0.0,1.0,0.0,1.0,0.0,1.0,1.02,2.0,0.9764,0.0237,4.0,96.0,{},
77,installing_a_modem,3.0,2.0,True,200,194.0,0.97,0.194444,0.666667,96.0,0.5,0.0,0.0,3.0,ambiguous,0.587629,0.5052,0.010309,2.0,98.0,0.4948,0.1612,0.3333,3.51,3.412,0.713,0.1538,130.0,36.0,"{""over_credited"": 6}",
78,make_cabinet_doors,1.0,1.0,True,200,200.0,1.0,0.0,0.0,0.0,0.0,0.0,0.0,0.0,aligned,0.0,0.0,0.0,0.0,0.0,1.0,0.0,1.0,1.0,2.0,0.9309,0.0694,0.0,27.0,{},
79,polishing_shoes,5.0,2.0,True,200,193.0,0.965,0.144565,0.6,100.0,0.5435,0.0,0.0,4.0,ambiguous,0.766839,0.5648,0.051813,2.0,109.0,0.4352,0.572,0.2041,8.192,5.233,0.2549,0.2184,187.0,215.0,"{""over_credited"": 7}",
80,clean_up_broken_glass,1.0,1.0,True,200,200.0,1.0,0.0,0.0,0.0,0.0,0.0,0.0,3.0,ambiguous,0.0,0.0,0.0,1.0,0.0,1.0,0.0,1.0,1.04,2.0,0.9697,0.0304,8.0,36.0,{},
81,packing_meal_for_delivery,2.0,1.0,True,200,196.0,0.98,0.165803,0.5,64.0,0.3316,0.0,0.0,6.0,ambiguous,0.326531,0.3265,0.015306,1.0,67.0,0.6582,0.0689,0.5,3.786,2.673,0.872,0.0678,115.0,78.0,"{""over_credited"": 4}",
82,store_batteries,1.0,1.0,True,200,200.0,1.0,0.0,0.0,0.0,0.0,0.0,0.0,3.0,ambiguous,0.0,0.0,0.0,1.0,0.0,1.0,0.0,1.0,1.045,2.0,0.9525,0.0476,8.0,48.0,{},
83,store_honey,1.0,1.0,True,200,200.0,1.0,0.0,0.0,0.0,0.0,0.0,0.0,1.0,aligned,0.0,0.0,0.0,1.0,0.0,1.0,0.0,1.0,1.04,2.0,0.9402,0.0599,8.0,57.0,{},
84,tidying_bathroom,4.0,2.0,True,200,198.0,0.99,0.294416,0.75,152.0,0.7716,0.0,0.0,4.0,aligned,1.181818,0.7727,0.005051,1.0,153.0,0.2273,0.6167,0.25,4.783,3.818,0.3063,0.2621,173.0,108.0,"{""over_credited"": 2}",
85,putting_dirty_dishes_in_sink,2.0,1.0,True,200,200.0,1.0,0.253886,0.5,98.0,0.5078,0.0,0.0,4.0,ambiguous,0.495,0.495,0.035,1.0,105.0,0.475,0.3039,0.5,2.5,2.505,0.3592,0.327,141.0,59.0,{},
86,make_gift_bags_for_baby_showers,3.0,2.0,True,200,197.0,0.985,0.340659,0.666667,125.0,0.6868,0.0,0.0,6.0,ambiguous,1.015228,0.7056,0.076142,1.0,140.0,0.2893,0.1469,0.3367,3.254,2.985,0.6904,0.1451,149.0,206.0,"{""over_credited"": 3}",
87,collecting_aluminum_cans,1.0,1.0,True,200,200.0,1.0,0.0,0.0,0.0,0.0,0.0,0.0,6.0,ambiguous,0.0,0.0,0.0,1.0,0.0,1.0,0.0,1.0,1.035,2.0,0.9749,0.0252,7.0,31.0,{},
88,rearrange_your_room,2.0,1.0,True,200,200.0,1.0,0.1125,0.5,45.0,0.225,0.0,0.0,3.0,ambiguous,0.225,0.225,0.0,1.0,45.0,0.775,0.2141,0.5,2.42,2.775,0.7,0.1572,88.0,94.0,{},
89,installing_a_fax_machine,2.0,1.0,True,200,200.0,1.0,0.1075,0.5,43.0,0.215,0.0,0.0,1.0,aligned,0.215,0.215,0.0,1.0,43.0,0.785,0.3023,0.5,2.085,2.785,0.5522,0.2381,50.0,27.0,{},
90,composting_waste,2.0,1.0,True,200,200.0,1.0,0.1625,0.5,65.0,0.325,0.0,0.0,2.0,aligned,0.325,0.325,0.0,1.0,65.0,0.675,0.1587,0.5,2.0,2.675,0.7053,0.1631,65.0,102.0,{},
91,store_produce,1.0,1.0,True,200,200.0,1.0,0.0,0.0,0.0,0.0,0.0,0.0,4.0,ambiguous,0.0,0.0,0.0,0.0,0.0,1.0,0.0,1.0,1.0,2.0,0.9131,0.087,0.0,32.0,{},
92,installing_a_scanner,2.0,2.0,True,200,198.0,0.99,0.166667,0.5,66.0,0.3333,0.0,0.0,1.0,aligned,0.333333,0.3333,0.0,1.0,66.0,0.6667,0.0726,0.5,2.273,2.667,0.812,0.1105,98.0,55.0,"{""over_credited"": 2}",
93,clean_a_keyboard,1.0,1.0,True,200,200.0,1.0,0.0,0.0,0.0,0.0,0.0,0.0,0.0,aligned,0.0,0.0,0.0,0.0,0.0,1.0,0.0,1.0,1.0,2.0,0.9091,0.0912,0.0,23.0,{},
94,dispose_of_batteries,2.0,1.0,True,200,197.0,0.985,0.251269,0.5,99.0,0.5025,0.0,0.0,4.0,ambiguous,0.502538,0.5025,0.0,1.0,99.0,0.4975,0.1717,0.5,2.695,2.497,0.4387,0.1858,143.0,223.0,"{""over_credited"": 3}",
95,cook_brussels_sprouts,3.0,1.0,True,200,194.0,0.97,0.264605,0.666667,151.0,0.7784,0.0,0.0,10.0,ambiguous,0.793814,0.7784,0.0,1.0,151.0,0.2216,0.6972,0.3333,3.634,3.206,0.121,0.2528,193.0,206.0,"{""over_credited"": 6}",
96,cook_broccolini,3.0,3.0,True,200,198.0,0.99,0.003367,0.333333,2.0,0.0101,0.0,0.0,6.0,ambiguous,0.010101,0.0101,0.0,1.0,2.0,0.9899,0.1115,0.665,2.354,3.005,0.8585,0.0639,44.0,64.0,"{""over_credited"": 2}",
97,setup_a_bar_for_a_cocktail_party,9.0,3.0,True,200,194.0,0.97,0.277167,0.666667,165.0,0.9066,0.0,0.0,20.0,ambiguous,2.525773,0.9072,0.097938,3.0,177.0,0.0876,0.7493,0.1134,12.423,7.474,0.1609,0.3419,192.0,140.0,"{""over_credited"": 6}",
98,laying_tile_floors,2.0,2.0,True,200,166.0,0.83,0.055215,0.5,18.0,0.1104,0.0,0.0,8.0,ambiguous,0.108434,0.1084,0.018072,2.0,21.0,0.8735,0.1153,0.5271,8.94,2.892,0.6664,0.0792,165.0,159.0,"{""over_credited"": 34}",
99,sorting_books_on_shelf,6.0,2.0,True,200,198.0,0.99,0.414384,0.666667,141.0,0.9658,0.0,0.0,11.0,ambiguous,2.5,0.9697,0.323232,2.0,193.0,0.0253,0.5274,0.1675,8.97,4.5,0.2794,0.2107,198.0,470.0,"{""over_credited"": 2}",
