task_index_sample,task_name,D_sample,D_full,D_changed,episodes,n_episodes,phi0_mean_sample,phi0_mean_full,phi0_delta,episodes_phi0_gt0,phi0_frac_gt0,valid_rate_sample,valid_rate_full,valid_delta,integrality_ok,reward_instrumentation,drop_reasons,note
0,turning_on_radio,1.0,1.0,False,98,200,0.0,0.0,0.0,0.0,0.0,1.0,1.0,0.0,True,ok,{},
1,picking_up_trash,3.0,3.0,False,71,200,0.028986,0.050251,0.021264999999999996,28.0,0.1407,0.9718,0.995,0.0232,True,ok,"{""phi0_out_of_range"": 1}",
2,putting_away_Halloween_decorations,7.0,7.0,False,45,200,0.087912,0.088697,0.000784999999999994,90.0,0.4945,0.8667,0.91,0.043300000000000005,True,ok,"{""not_terminated"": 1, ""phi0_out_of_range"": 17}",
3,cleaning_up_plates_and_food,7.0,7.0,False,51,200,0.15126,0.160086,0.008826,180.0,0.9045,1.0,0.995,-0.0050000000000000044,True,ok,"{""phi0_out_of_range"": 1}",
4,can_meat,9.0,9.0,False,48,200,0.406566,0.457912,0.051346,198.0,1.0,0.9167,0.99,0.07330000000000003,True,ok,"{""progress_out_of_range"": 2}",
5,setting_mousetraps,6.0,6.0,False,43,200,0.199187,0.190236,-0.008951000000000015,163.0,0.8232,0.9535,0.99,0.03649999999999998,True,ok,"{""not_terminated"": 1, ""progress_out_of_range"": 1}",
6,hiding_Easter_eggs,9.0,9.0,False,53,200,0.362683,0.378001,0.015317999999999998,199.0,1.0,1.0,0.995,-0.0050000000000000044,True,ok,"{""not_terminated"": 1}",
7,picking_up_toys,6.0,6.0,False,51,200,0.122449,0.126263,0.003813999999999984,106.0,0.5354,0.9608,0.99,0.029200000000000004,True,ok,"{""phi0_out_of_range"": 1, ""progress_out_of_range"": 1}",
8,rearranging_kitchen_furniture,,,False,59,200,,,,,,0.0,,,,BROKEN_no_signal,,no reward signal
9,putting_up_Christmas_decorations_inside,9.0,9.0,False,49,200,0.202279,0.212963,0.010684000000000027,186.0,0.9688,0.7959,0.96,0.1640999999999999,True,ok,"{""not_terminated"": 1, ""progress_out_of_range"": 7}",
10,set_up_a_coffee_station_in_your_kitchen,6.0,6.0,False,66,200,0.241071,0.266323,0.02525199999999997,188.0,0.9691,0.8485,0.97,0.12149999999999994,True,ok,"{""not_terminated"": 1, ""progress_out_of_range"": 5}",
11,putting_dishes_away_after_cleaning,14.0,14.0,False,41,200,0.928571,0.9275,-0.0010710000000000441,200.0,1.0,0.6829,1.0,0.31710000000000005,True,PROVEN_incomplete,{},
12,preparing_lunch_box,6.0,6.0,False,43,200,0.196078,0.234888,0.03881000000000001,172.0,0.8912,0.7907,0.965,0.1743,True,ok,"{""progress_out_of_range"": 7}",
13,loading_the_car,3.0,3.0,False,49,200,0.006944,0.015228,0.008284,9.0,0.0457,0.9796,0.985,0.00539999999999996,True,ok,"{""phi0_out_of_range"": 3}",
14,carrying_in_groceries,4.0,4.0,False,45,200,0.217949,0.253866,0.03591699999999998,170.0,0.8763,0.8667,0.97,0.10329999999999995,True,ok,"{""phi0_out_of_range"": 4, ""progress_out_of_range"": 2}",
15,bringing_in_wood,3.0,3.0,False,46,200,0.022222,0.05641,0.034188,30.0,0.1538,0.9783,0.975,-0.0032999999999999696,True,ok,"{""phi0_out_of_range"": 1, ""progress_out_of_range"": 4}",
16,moving_boxes_to_storage,2.0,2.0,False,45,200,0.0,0.054545,0.054545,12.0,0.1091,0.4889,0.55,0.06110000000000004,True,ok,"{""no_headroom"": 89, ""phi0_out_of_range"": 1}",
17,bringing_water,3.0,3.0,False,51,200,0.0,0.050505,0.050505,29.0,0.1465,0.8431,0.99,0.14690000000000003,True,ok,"{""phi0_out_of_range"": 2}",
18,tidying_bedroom,3.0,3.0,False,40,200,0.333333,0.355,0.021666999999999992,198.0,0.99,0.05,1.0,0.95,True,ok,{},
19,outfit_a_basic_toolbox,7.0,7.0,False,54,200,0.142857,0.142857,0.0,164.0,0.8241,1.0,0.995,-0.0050000000000000044,True,ok,"{""phi0_out_of_range"": 1}",
20,sorting_vegetables,13.0,13.0,False,55,200,0.703297,0.684615,-0.018681999999999976,200.0,1.0,0.3818,1.0,0.6182000000000001,True,SUSPECT_incomplete,{},
21,collecting_childrens_toys,6.0,6.0,False,48,200,0.064516,0.067019,0.0025029999999999913,61.0,0.3228,0.6458,0.945,0.2991999999999999,True,ok,"{""phi0_out_of_range"": 8, ""progress_out_of_range"": 3}",
22,putting_shoes_on_rack,10.0,10.0,False,53,200,0.111364,0.115789,0.004424999999999998,125.0,0.6579,0.8302,0.95,0.1197999999999999,True,ok,"{""not_terminated"": 1, ""phi0_out_of_range"": 4, ""progress_out_of_range"": 5}",
23,boxing_books_up_for_storage,6.0,6.0,False,46,200,0.184685,0.196335,0.011650000000000021,133.0,0.6963,0.8043,0.955,0.15069999999999995,True,ok,"{""phi0_out_of_range"": 2, ""progress_out_of_range"": 7}",
24,storing_food,,,False,48,200,,,,,,0.0,,,,BROKEN_no_signal,,no reward signal
25,clearing_food_from_table_into_fridge,5.0,5.0,False,46,200,0.26875,0.352284,0.083534,188.0,0.9543,0.6957,0.985,0.2893,True,ok,"{""progress_out_of_range"": 3}",
26,assembling_gift_baskets,16.0,16.0,False,43,200,0.698864,0.757576,0.058711999999999986,198.0,1.0,0.2558,0.99,0.7342,True,SUSPECT_incomplete,"{""not_terminated"": 1, ""progress_out_of_range"": 1}",
27,sorting_household_items,8.0,8.0,False,50,200,0.132812,0.133166,0.0003539999999999932,195.0,0.9799,0.96,0.995,0.03500000000000003,True,ok,"{""progress_out_of_range"": 1}",
28,getting_organized_for_work,10.0,10.0,False,50,200,0.413953,0.403518,-0.010435000000000028,198.0,0.995,0.86,0.995,0.135,True,ok,"{""progress_out_of_range"": 1}",
29,clean_up_your_desk,11.0,11.0,False,40,200,0.125392,0.162338,0.03694600000000001,169.0,0.9286,0.725,0.91,0.18500000000000005,True,ok,"{""phi0_out_of_range"": 14, ""progress_out_of_range"": 4}",
30,setting_the_fire,8.0,8.0,False,42,200,0.125,0.14899,0.02399000000000001,183.0,0.9242,0.8095,0.99,0.1805,True,ok,"{""phi0_out_of_range"": 2}",
31,clean_boxing_gloves,1.0,1.0,False,40,200,0.0,0.0,0.0,0.0,0.0,1.0,1.0,0.0,True,ok,{},
32,wash_a_baseball_cap,1.0,1.0,False,48,200,0.0,0.0,0.0,0.0,0.0,1.0,1.0,0.0,True,ok,{},
33,wash_dog_toys,3.0,6.0,True,54,200,0.333333,0.333333,0.0,199.0,1.0,1.0,0.995,-0.0050000000000000044,True,ok,"{""not_terminated"": 1}",
34,hanging_pictures,1.0,1.0,False,94,200,0.0,0.0,0.0,0.0,0.0,1.0,0.99,-0.010000000000000009,True,ok,"{""no_headroom"": 2}",
35,attach_a_camera_to_a_tripod,1.0,1.0,False,57,200,0.0,0.0,0.0,0.0,0.0,1.0,1.0,0.0,True,ok,{},
36,clean_a_patio,1.0,1.0,False,53,200,0.0,0.0,0.0,0.0,0.0,1.0,1.0,0.0,True,ok,{},
37,clean_a_trumpet,1.0,1.0,False,40,200,0.0,0.0,0.0,0.0,0.0,0.975,0.99,0.015000000000000013,True,ok,"{""not_terminated"": 2}",
38,spraying_for_bugs,2.0,2.0,False,64,200,0.0,0.005,0.005,2.0,0.01,0.9844,1.0,0.015599999999999947,True,ok,{},
39,spraying_fruit_trees,2.0,2.0,False,200,200,0.0,0.0075,0.0075,3.0,0.015,0.985,1.0,0.015000000000000013,True,ok,{},
40,make_microwave_popcorn,1.0,1.0,False,68,200,0.0,0.0,0.0,0.0,0.0,1.0,1.0,0.0,True,ok,{},
41,cook_cabbage,2.0,2.0,False,46,200,0.0,0.0,0.0,0.0,0.0,1.0,0.99,-0.010000000000000009,True,ok,"{""not_terminated"": 2}",
42,chop_an_onion,4.0,4.0,False,70,200,0.056818,0.065,0.008182000000000002,48.0,0.24,0.9429,1.0,0.05710000000000004,True,ok,{},
43,slicing_vegetables,9.0,9.0,False,44,200,0.036036,0.083761,0.047725000000000004,74.0,0.3795,0.8409,0.975,0.1341,True,ok,"{""phi0_out_of_range"": 1, ""progress_out_of_range"": 4}",
44,chopping_wood,4.0,4.0,False,55,200,0.020408,0.07197,0.05156200000000001,40.0,0.202,0.8909,0.99,0.09909999999999997,True,ok,"{""progress_out_of_range"": 2}",
45,cook_hot_dogs,1.0,1.0,False,55,200,0.0,0.0,0.0,0.0,0.0,1.0,0.99,-0.010000000000000009,True,ok,"{""not_terminated"": 2}",
46,cook_bacon,7.0,7.0,False,52,200,0.0,-0.0,-0.0,0.0,0.0,0.9615,0.985,0.023499999999999965,True,ok,"{""phi0_out_of_range"": 3}",
47,freeze_pies,7.0,7.0,False,47,200,0.231003,0.220388,-0.010614999999999986,184.0,0.9246,1.0,0.995,-0.0050000000000000044,True,ok,"{""phi0_out_of_range"": 1}",
48,canning_food,10.0,10.0,False,43,200,0.638462,0.64949,0.011028000000000038,196.0,1.0,0.907,0.98,0.07299999999999995,True,SUSPECT_incomplete,"{""progress_out_of_range"": 4}",
49,make_pizza,2.0,2.0,False,134,200,0.0,0.0,0.0,0.0,0.0,1.0,0.995,-0.0050000000000000044,True,ok,"{""phi0_out_of_range"": 1}",
50,freeze_fruit,4.0,4.0,False,56,200,0.243902,0.320652,0.07674999999999998,161.0,0.875,0.7321,0.92,0.18790000000000007,True,ok,"{""phi0_out_of_range"": 9, ""progress_out_of_range"": 7}",
51,cook_a_brisket,3.0,3.0,False,66,200,0.09697,0.175973,0.07900299999999999,88.0,0.4467,0.8333,0.985,0.15169999999999995,True,ok,"{""progress_out_of_range"": 3}",
52,sorting_bottles_cans_and_paper,3.0,3.0,False,46,200,0.02381,0.049069,0.025259,28.0,0.1421,0.913,0.985,0.07199999999999995,True,ok,"{""progress_out_of_range"": 3}",
53,tidying_living_room,4.0,4.0,False,56,200,0.147727,0.195565,0.04783799999999999,71.0,0.5726,0.3929,0.62,0.22709999999999997,True,ok,"{""phi0_out_of_range"": 41, ""progress_out_of_range"": 35}",
54,putting_away_toys,1.0,1.0,False,41,200,0.0,0.0,0.0,0.0,0.0,1.0,1.0,0.0,True,ok,{},
55,re_shelving_library_books,1.0,1.0,False,52,200,0.0,0.0,0.0,0.0,0.0,1.0,1.0,0.0,True,ok,{},
56,make_rose_centerpieces,4.0,4.0,False,54,200,0.09375,0.135638,0.04188800000000001,81.0,0.4309,0.8889,0.94,0.05109999999999992,True,ok,"{""phi0_out_of_range"": 6, ""progress_out_of_range"": 6}",
57,sweeping_garage,2.0,2.0,False,54,200,0.0,0.01,0.01,4.0,0.02,0.963,1.0,0.03700000000000003,True,ok,{},
58,stacking_wood,1.0,1.0,False,44,200,0.0,0.0,0.0,0.0,0.0,1.0,1.0,0.0,True,ok,{},
59,organizing_art_supplies,5.0,5.0,False,77,200,0.082759,0.125926,0.04316700000000001,91.0,0.4815,0.7532,0.945,0.19179999999999997,True,ok,"{""phi0_out_of_range"": 5, ""progress_out_of_range"": 6}",
60,scrubbing_bathroom_floor,1.0,1.0,False,77,200,0.0,0.0,0.0,0.0,0.0,1.0,1.0,0.0,True,ok,{},
61,bringing_paper_to_recycling,3.0,3.0,False,44,200,0.100775,0.094017,-0.006758,54.0,0.2769,0.9773,0.975,-0.0022999999999999687,True,ok,"{""phi0_out_of_range"": 4, ""progress_out_of_range"": 1}",
62,halve_an_egg,5.0,5.0,False,75,200,0.069091,0.135751,0.06666000000000001,99.0,0.513,0.7333,0.965,0.23170000000000002,True,ok,"{""phi0_out_of_range"": 2, ""progress_out_of_range"": 5}",
63,installing_smoke_detectors,1.0,1.0,False,96,200,0.0,0.0,0.0,0.0,0.0,1.0,1.0,0.0,True,ok,{},
64,setting_the_table,4.0,4.0,False,40,200,0.104167,0.201149,0.096982,108.0,0.6207,0.6,0.87,0.27,True,ok,"{""phi0_out_of_range"": 16, ""progress_out_of_range"": 10}",
65,unloading_the_car,2.0,2.0,False,42,200,0.0,0.120419,0.120419,46.0,0.2408,0.8571,0.955,0.09789999999999999,True,ok,"{""phi0_out_of_range"": 3, ""progress_out_of_range"": 6}",
66,turning_out_all_lights_before_sleep,2.0,2.0,False,48,200,0.0,0.090452,0.090452,36.0,0.1809,0.8333,0.995,0.16169999999999995,True,ok,"{""phi0_out_of_range"": 1}",
67,boxing_food_after_dinner,5.0,5.0,False,70,200,0.238095,0.302645,0.06455,158.0,0.836,0.6,0.945,0.345,True,ok,"{""phi0_out_of_range"": 3, ""progress_out_of_range"": 8}",
68,cleaning_up_branches_and_twigs,2.0,2.0,False,57,200,0.353659,0.390625,0.036966,150.0,0.7812,0.7193,0.96,0.24069999999999991,True,ok,"{""phi0_out_of_range"": 6, ""progress_out_of_range"": 2}",
69,vacuuming_floors,1.0,1.0,False,105,200,0.0,0.0,0.0,0.0,0.0,1.0,0.995,-0.0050000000000000044,True,ok,"{""no_headroom"": 1}",
70,thawing_frozen_food,7.0,7.0,False,57,200,0.203647,0.255523,0.051876000000000005,176.0,0.9072,0.8246,0.97,0.14539999999999997,True,ok,"{""progress_out_of_range"": 6}",
71,clean_your_rusty_garden_tools,5.0,5.0,False,49,200,0.074419,0.111558,0.037139000000000005,88.0,0.4422,0.8776,0.995,0.11739999999999995,True,ok,"{""phi0_out_of_range"": 1}",
72,cook_a_frozen_pie,2.0,2.0,False,55,200,0.0,0.005618,0.005618,2.0,0.0112,0.8545,0.89,0.035499999999999976,True,ok,"{""phi0_out_of_range"": 22}",
73,organizing_school_stuff,6.0,6.0,False,47,200,0.240741,0.315029,0.07428799999999999,151.0,0.8728,0.5745,0.865,0.2905,True,ok,"{""phi0_out_of_range"": 3, ""progress_out_of_range"": 24}",
74,carrying_out_garden_furniture,2.0,2.0,False,45,200,0.016129,0.145729,0.1296,58.0,0.2915,0.6889,0.995,0.30610000000000004,True,ok,"{""progress_out_of_range"": 1}",
75,put_together_a_basic_pruning_kit,4.0,4.0,False,42,200,0.257143,0.30402,0.046877,184.0,0.9246,0.8333,0.995,0.16169999999999995,True,ok,"{""progress_out_of_range"": 1}",
76,dispose_of_glass,1.0,1.0,False,49,200,0.0,0.0,0.0,0.0,0.0,1.0,1.0,0.0,True,ok,{},
77,installing_a_modem,3.0,3.0,False,103,200,0.133333,0.194444,0.061111,96.0,0.5,0.8252,0.96,0.13479999999999992,True,ok,"{""phi0_out_of_range"": 6, ""progress_out_of_range"": 2}",
78,make_cabinet_doors,1.0,1.0,False,68,200,0.0,0.0,0.0,0.0,0.0,1.0,1.0,0.0,True,ok,{},
79,polishing_shoes,5.0,5.0,False,44,200,0.113514,0.144565,0.031050999999999995,100.0,0.5435,0.8409,0.92,0.07910000000000006,True,ok,"{""phi0_out_of_range"": 7, ""progress_out_of_range"": 9}",
80,clean_up_broken_glass,1.0,1.0,False,53,200,0.0,0.0,0.0,0.0,0.0,1.0,1.0,0.0,True,ok,{},
81,packing_meal_for_delivery,2.0,2.0,False,53,200,0.0,0.165803,0.165803,64.0,0.3316,0.6792,0.965,0.28579999999999994,True,ok,"{""phi0_out_of_range"": 3, ""progress_out_of_range"": 4}",
82,store_batteries,1.0,1.0,False,61,200,0.0,0.0,0.0,0.0,0.0,1.0,1.0,0.0,True,ok,{},
83,store_honey,1.0,1.0,False,72,200,0.0,0.0,0.0,0.0,0.0,1.0,1.0,0.0,True,ok,{},
84,tidying_bathroom,4.0,4.0,False,53,200,0.290698,0.294416,0.003717999999999999,152.0,0.7716,0.8113,0.985,0.17369999999999997,True,ok,"{""phi0_out_of_range"": 2, ""progress_out_of_range"": 1}",
85,putting_dirty_dishes_in_sink,2.0,2.0,False,40,200,0.0,0.253886,0.253886,98.0,0.5078,0.4,0.965,0.565,True,ok,"{""no_headroom"": 1, ""progress_out_of_range"": 6}",
86,make_gift_bags_for_baby_showers,3.0,3.0,False,51,200,0.144928,0.340659,0.195731,125.0,0.6868,0.451,0.91,0.459,True,ok,"{""phi0_out_of_range"": 3, ""progress_out_of_range"": 15}",
87,collecting_aluminum_cans,1.0,1.0,False,47,200,0.0,0.0,0.0,0.0,0.0,1.0,1.0,0.0,True,ok,{},
88,rearrange_your_room,2.0,2.0,False,53,200,0.013158,0.1125,0.099342,45.0,0.225,0.717,1.0,0.28300000000000003,True,ok,{},
89,installing_a_fax_machine,2.0,2.0,False,62,200,0.0,0.1075,0.1075,43.0,0.215,0.7097,1.0,0.2903,True,ok,{},
90,composting_waste,2.0,2.0,False,65,200,0.0,0.1625,0.1625,65.0,0.325,0.6923,1.0,0.3077,True,ok,{},
91,store_produce,1.0,1.0,False,48,200,0.0,0.0,0.0,0.0,0.0,1.0,1.0,0.0,True,ok,{},
92,installing_a_scanner,2.0,2.0,False,57,200,0.0,0.166667,0.166667,66.0,0.3333,0.6316,0.99,0.35839999999999994,True,ok,"{""phi0_out_of_range"": 2}",
93,clean_a_keyboard,1.0,1.0,False,62,200,0.0,0.0,0.0,0.0,0.0,1.0,1.0,0.0,True,ok,{},
94,dispose_of_batteries,2.0,2.0,False,50,200,0.0,0.251269,0.251269,99.0,0.5025,0.26,0.985,0.725,True,ok,"{""phi0_out_of_range"": 3}",
95,cook_brussels_sprouts,3.0,3.0,False,44,200,0.243902,0.264605,0.02070299999999997,151.0,0.7784,0.9318,0.97,0.03820000000000001,True,ok,"{""phi0_out_of_range"": 6}",
96,cook_broccolini,3.0,3.0,False,52,200,0.012821,0.003367,-0.009454,2.0,0.0101,1.0,0.99,-0.010000000000000009,True,ok,"{""phi0_out_of_range"": 2}",
97,setup_a_bar_for_a_cocktail_party,9.0,9.0,False,51,200,0.265233,0.277167,0.011934,165.0,0.9066,0.6078,0.91,0.3022,True,ok,"{""phi0_out_of_range"": 6, ""progress_out_of_range"": 12}",
98,laying_tile_floors,2.0,2.0,False,49,200,0.0,0.055215,0.055215,18.0,0.1104,0.6531,0.815,0.16189999999999993,True,ok,"{""phi0_out_of_range"": 31, ""progress_out_of_range"": 6}",
99,sorting_books_on_shelf,6.0,6.0,False,62,200,0.37037,0.414384,0.044014,141.0,0.9658,0.4355,0.73,0.2945,True,ok,"{""phi0_out_of_range"": 2, ""progress_out_of_range"": 52}",
