1790817024,0,379
1790817054,0,29576
1790817084,0,29576
1790817114,0,29576
1790817144,0,29576
1790817175,0,29578
1790817205,100,29602
1790817235,100,29602
1790817265,100,29602
1790817295,100,29602
1790817325,100,29602
1790817355,100,29602
1790817385,100,29602
1790817415,99,29602
1790817445,100,29602
1790817475,100,29602
1790817505,100,29602
1790817535,100,29602
1790817565,100,29602
1790817595,99,29602
1790817625,100,29602
1790817655,100,29602
1790817685,100,29602
1790817716,100,29602
1790817746,100,29602
1790817776,99,29602
1790817806,100,29602
1790817836,100,29602
1790817866,100,29602
1790817896,100,29602
1790817926,100,29602
1790817956,100,29602
1790817986,100,29602
1790818016,100,29602
1790818046,100,29602
1790818076,100,29602
1790818106,99,29602
1790818136,100,29602
1790818166,100,29602
1790818196,100,29602
1790818226,100,29602
1790818256,100,29602
1790818286,99,29602
1790818317,100,29602
1790818347,100,29602
1790818377,100,29602
1790818407,100,29602
1790818437,100,29602
1790818467,100,29602
1790818497,100,29602
1790818527,100,29602
1790818557,100,29602
1790818587,100,29602
1790818617,100,29602
1790818647,100,29602
1790818677,100,29602
1790818707,100,29602
1790818737,100,29602
1790818767,100,29602
1790818797,99,29602
1790818827,100,29602
1790818857,100,29602
1790818887,100,29602
1790818918,100,29602
1790818948,100,29602
1790818978,88,29602
1790819008,100,29602
1790819038,100,29602
1790819068,100,29602
1790819098,100,29602
1790819128,100,29602
1790819158,100,29602
1790819188,100,29602
1790819218,100,29602
1790819248,100,29602
1790819278,100,29602
1790819308,99,29602
1790819338,100,29602
1790819368,100,29602
1790819398,100,29602
1790819428,100,29602
1790819458,100,29602
1790819488,100,29602
1790819519,100,29602
1790819549,100,29602
1790819579,100,29602
1790819609,100,29602
1790819639,100,29602
1790819669,100,29602
1790819699,100,29602
1790819729,100,29602
1790819759,100,29602
1790819789,100,29602
1790819819,100,29602
1790819849,100,29602
1790819879,100,29602
1790819909,100,29602
1790819939,100,29602
1790819969,100,29602
1790819999,99,29602
1790820029,100,29602
1790820059,100,29602
1790820089,100,29602
1790820120,100,29602
1790820150,100,29602
1790820180,99,29602
1790820210,100,29602
1790820240,100,29602
1790820270,100,29602
1790820300,100,29602
1790820330,100,29602
1790820360,100,29602
1790820390,100,29602
1790820420,100,29602
1790820450,100,29602
1790820480,100,29602
1790820510,100,29602
1790820540,100,29602
1790820570,100,29602
1790820600,100,29602
1790820630,100,29602
1790820661,100,29602
1790820691,59,29602
1790820721,100,29602
1790820751,100,29602
1790820781,100,29602
1790820811,100,29602
1790820841,100,29602
1790820871,6,29602
1790820901,100,29602
1790820931,100,29602
1790820961,0,379
1790820991,0,379
1790821021,0,379
1790821051,0,379
1790821081,0,379
1790821111,0,379
1790821141,0,379
1790821171,0,379
1790821202,0,379
1790821232,0,379
1790821262,0,379
1790821292,0,379
1790821322,0,379
1790821352,0,379
1790821382,0,379
1790821412,0,379
1790821442,0,379
1790821472,0,379
1790821502,0,379
1790821532,0,379
1790821562,0,379
1790821592,0,379
1790821623,0,379
1790821653,0,379
1790821683,0,379
1790821713,0,379
1790821743,0,379
1790821773,0,379
1790821803,2,379
1790821833,0,379
1790821863,0,379
1790821893,0,379
1790821924,0,379
1790821954,0,379
1790821984,0,379
1790822014,0,379
1790822044,0,379
1790822074,0,379
1790822104,0,379
1790822134,0,379
1790822164,0,379
1790822194,0,379
1790822224,0,379
1790822254,0,379
1790822284,0,379
1790822314,0,379
1790822344,0,379
1790822375,0,379
1790822405,0,379
1790822435,0,379
1790822465,0,379
1790822495,0,379
1790822525,0,379
1790822555,0,379
1790822585,0,379
1790822615,0,379
1790822645,0,379
1790822675,0,379
1790822705,0,379
1790822735,0,379
1790822765,0,379
1790822795,0,379
1790822826,0,379
1790822856,0,379
1790822886,0,379
1790822916,0,379
1790822946,0,379
1790822976,0,379
1790823006,0,379
1790823036,0,379
1790823066,0,379
1790823096,0,379
1790823126,0,379
1790823156,0,379
1790823186,0,379
1790823216,0,379
1790823247,0,379
1790823277,0,379
1790823307,0,379
1790823337,0,379
1790823367,0,379
1790823397,0,379
1790823427,0,379
1790823457,0,379
1790823487,0,379
1790823517,0,379
1790823547,0,379
1790823577,0,379
1790823607,0,379
1790823637,0,379
1790823668,0,379
1790823698,0,379
1790823728,0,379
1790823758,0,379
1790823788,0,379
1790823818,0,379
1790823848,0,379
1790823878,0,379
1790823908,0,379
1790823938,0,379
1790823968,0,379
1790823998,0,379
1790824028,0,379
1790824058,0,379
1790824088,0,379
1790824118,0,379
1790824149,0,379
1790824179,0,379
1790824209,0,379
1790824239,0,379
1790824269,0,379
1790824299,0,379
1790824329,0,379
1790824359,0,379
1790824389,0,379
1790824419,0,379
1790824449,0,379
1790824479,0,379
1790824509,0,379
1790824539,0,379
1790824570,0,379
1790824600,0,379
1790824630,0,379
1790824660,0,379
1790824690,0,379
1790824720,0,379
1790824750,0,379
1790824780,0,379
1790824810,0,379
1790824840,0,379
1790824871,0,379
1790824901,0,379
1790824931,0,379
1790824961,0,379
1790824991,0,379
1790825021,0,379
1790825051,0,379
1790825081,0,379
1790825111,0,379
1790825141,0,379
1790825171,0,379
1790825201,0,379
1790825231,0,379
1790825261,0,379
1790825291,0,379
1790825322,0,379
1790825352,0,379
1790825382,0,379
1790825412,0,379
1790825442,0,379
1790825472,0,379
1790825502,0,379
1790825532,0,379
1790825562,0,379
1790825592,0,379
1790825622,0,379
1790825652,0,379
1790825682,0,379
1790825712,0,379
1790825742,0,379
1790825772,0,379
1790825803,0,379
1790825833,0,379
1790825863,0,379
1790825893,0,379
1790825923,0,379
1790825953,0,379
1790825983,0,379
1790826013,0,379
1790826043,0,379
1790826073,0,379
1790826103,0,379
1790826133,0,379
1790826163,0,379
1790826193,0,379
1790826224,0,379
1790826254,0,379
1790826284,0,379
1790826314,0,379
1790826344,0,379
1790826374,0,379
1790826404,0,379
1790826434,0,379
1790826464,0,379
1790826494,0,379
1790826524,0,379
1790826554,0,379
1790826584,0,379
1790826614,0,379
1790826644,0,379
1790826674,0,379
1790826705,0,379
1790826735,0,379
1790826765,0,379
1790826795,0,379
1790826825,0,379
1790826855,0,379
1790826885,0,379
1790826915,0,379
1790826945,0,379
1790826975,0,379
1790827005,0,379
1790827035,0,379
1790827065,0,379
1790827095,0,379
1790827125,0,379
1790827156,0,379
1790827186,0,379
1790827216,0,379
1790827246,0,379
1790827276,0,379
1790827306,0,379
1790827336,0,379
1790827366,0,379
1790827396,0,379
1790827426,0,379
1790827456,0,379
1790827486,0,379
1790827516,0,379
1790827547,0,379
1790827577,0,379
1790827607,0,379
1790827637,0,379
1790827667,0,379
1790827697,0,379
1790827727,0,379
1790827757,0,379
1790827787,0,379
1790827817,0,379
1790827847,0,379
1790827877,0,379
1790827907,0,379
1790827937,0,379
1790827968,0,379
1790827998,0,379
1790828028,0,379
1790828058,0,379
1790828088,0,379
1790828118,0,379
1790828148,0,379
1790828178,0,379
1790828208,0,379
1790828238,0,379
1790828268,0,379
1790828298,0,379
1790828328,0,379
1790828358,0,379
1790828388,0,379
1790828418,0,379
1790828449,0,379
1790828479,0,379
1790828509,0,379
1790828539,0,379
1790828569,0,379
1790828599,0,379
1790828629,0,379
1790828659,0,379
1790828689,0,379
1790828719,0,379
1790828749,0,379
1790828779,0,379
1790828809,0,379
1790828839,0,379
1790828869,0,379
1790828900,0,379
1790828930,0,379
1790828960,0,379
1790828990,0,379
1790829020,0,379
1790829050,0,379
1790829080,0,379
1790829110,0,379
1790829140,0,379
1790829170,0,379
1790829200,0,379
1790829230,0,379
1790829260,0,379
1790829290,0,379
1790829320,0,379
1790829351,0,379
1790829381,0,379
1790829411,0,379
1790829441,0,379
1790829471,0,379
1790829501,0,379
1790829531,0,379
1790829561,0,379
1790829591,0,379
1790829621,0,379
1790829651,0,379
1790829681,0,379
1790829711,0,379
1790829741,0,379
1790829771,0,379
1790829802,0,379
1790829832,0,379
1790829862,0,379
1790829892,0,379
1790829922,0,379
1790829952,0,379
1790829982,0,379
1790830012,0,379
1790830042,0,379
1790830072,0,379
1790830102,0,379
1790830132,0,379
1790830163,0,379
1790830193,0,379
1790830223,0,379
1790830253,0,379
1790830283,0,379
1790830313,0,379
1790830343,0,379
1790830373,0,379
1790830403,0,379
1790830433,0,379
1790830463,0,379
1790830493,0,379
1790830523,0,379
1790830553,0,379
1790830584,0,379
1790830614,0,379
1790830644,0,379
1790830674,0,379
1790830704,0,379
1790830734,0,379
1790830764,0,379
1790830794,0,379
1790830824,0,379
1790830854,0,379
1790830884,0,379
1790830914,0,379
1790830944,0,379
1790830974,0,379
1790831004,0,379
1790831035,0,379
1790831065,0,379
1790831095,0,379
1790831125,0,379
1790831155,0,379
1790831185,0,379
1790831215,0,379
1790831245,0,379
1790831275,0,379
1790831305,0,379
1790831335,0,379
1790831365,0,379
1790831395,0,379
1790831425,0,379
1790831455,0,379
1790831485,0,379
1790831516,0,379
1790831546,0,379
1790831576,0,379
1790831606,0,379
1790831636,0,379
1790831666,0,379
1790831696,0,379
1790831726,0,379
1790831756,0,379
1790831786,0,379
1790831816,0,379
1790831846,0,379
1790831876,0,379
1790831906,0,379
1790831937,0,379
1790831967,0,379
1790831997,0,379
1790832027,0,379
1790832057,0,379
1790832087,0,379
1790832117,0,379
1790832147,0,379
1790832177,0,379
1790832207,0,379
1790832237,0,379
1790832267,0,379
1790832297,0,379
1790832327,0,379
1790832358,0,379
1790832388,0,379
1790832418,0,379
1790832448,0,379
1790832478,0,379
1790832508,0,379
1790832538,0,379
1790832568,0,379
1790832598,0,379
1790832628,0,379
1790832658,0,379
1790832688,0,379
1790832718,0,379
1790832748,0,379
1790832778,0,379
1790832809,0,379
1790832839,0,379
1790832869,0,379
1790832899,0,379
1790832929,0,379
1790832959,0,379
1790832989,0,379
1790833019,0,379
1790833049,0,379
1790833079,0,379
1790833109,0,379
1790833139,0,379
1790833169,0,379
1790833199,0,379
1790833230,0,379
1790833260,1,379
1790833290,0,379
1790833320,1,379
1790833350,0,379
1790833380,0,379
1790833410,0,379
1790833440,0,379
1790833470,0,379
1790833500,0,379
1790833530,0,379
1790833560,0,379
1790833590,0,379
1790833620,0,379
1790833650,0,379
1790833681,0,379
1790833711,0,379
1790833741,0,379
1790833771,0,379
1790833801,0,379
1790833831,0,379
1790833861,0,379
1790833891,0,379
1790833921,0,379
1790833951,0,379
1790833981,0,379
1790834011,0,379
1790834041,0,379
1790834071,0,379
1790834102,0,379
1790834132,0,379
1790834162,0,379
1790834192,0,379
1790834222,0,379
1790834252,0,379
1790834282,0,379
1790834312,0,379
1790834342,0,379
1790834372,0,379
1790834402,0,379
1790834432,0,379
1790834462,0,379
1790834493,0,379
1790834523,0,379
1790834553,0,379
1790834583,0,379
1790834613,0,379
1790834643,0,379
1790834673,0,379
1790834703,0,379
1790834733,0,379
1790834763,0,379
1790834793,0,379
1790834823,0,379
1790834853,0,379
1790834883,0,379
1790834913,0,379
1790834944,0,379
1790834974,0,379
1790835004,0,379
1790835034,0,379
1790835064,0,379
1790835094,0,379
1790835124,0,379
1790835154,0,379
1790835184,0,379
1790835214,0,379
1790835244,0,379
1790835274,0,379
1790835304,0,379
1790835334,0,379
1790835364,0,379
1790835394,0,379
1790835425,0,379
1790835455,0,379
1790835485,0,379
1790835515,0,379
1790835545,0,379
1790835575,0,379
1790835605,0,379
1790835635,0,379
1790835665,0,379
1790835695,0,379
1790835725,0,379
1790835755,0,379
1790835785,0,379
1790835816,0,379
1790835846,0,379
1790835876,0,379
1790835906,0,379
1790835936,0,379
1790835966,0,379
1790835996,0,379
1790836026,0,379
1790836056,0,379
1790836086,0,379
1790836116,0,379
1790836146,0,379
1790836176,0,379
1790836206,0,379
1790836237,0,379
1790836267,0,379
1790836297,0,379
1790836327,0,379
1790836357,0,379
1790836387,0,379
1790836417,0,379
1790836447,0,379
1790836477,0,379
1790836507,0,379
1790836537,0,379
1790836568,0,379
1790836598,0,379
1790836628,0,379
1790836658,0,379
1790836688,0,379
1790836718,0,379
1790836748,0,379
1790836778,0,379
1790836808,0,379
1790836838,0,379
1790836868,0,379
1790836898,0,379
1790836928,0,379
1790836958,0,379
1790836988,0,379
1790837019,0,379
1790837049,0,379
1790837079,0,379
1790837109,0,379
1790837139,0,379
1790837169,0,379
1790837199,0,379
1790837229,0,379
1790837259,0,379
1790837289,0,379
1790837319,0,379
1790837349,0,379
1790837379,0,379
1790837409,0,379
1790837439,0,379
1790837470,0,379
1790837500,0,379
1790837530,0,379
1790837560,0,379
1790837590,0,379
1790837620,0,379
1790837650,0,379
1790837680,0,379
1790837710,0,379
1790837740,0,379
1790837770,0,379
1790837800,0,379
1790837830,0,379
1790837860,0,379
1790837890,0,379
1790837921,0,379
1790837951,0,379
1790837981,0,379
1790838011,0,379
1790838041,0,379
1790838071,0,379
1790838101,0,379
1790838131,0,379
1790838161,0,379
1790838191,0,379
1790838221,0,379
1790838251,0,379
1790838281,0,379
1790838312,0,379
1790838342,0,379
1790838372,0,379
1790838402,0,379
1790838432,0,379
1790838462,0,379
1790838492,0,379
1790838522,0,379
1790838552,0,379
1790838582,0,379
1790838612,0,379
1790838642,0,379
1790838672,0,379
1790838702,0,379
1790838732,0,379
1790838763,0,379
1790838793,0,379
1790838823,0,379
1790838853,0,379
1790838883,0,379
1790838913,0,379
1790838943,0,379
1790838973,0,379
1790839003,0,379
1790839033,0,379
1790839063,0,379
1790839093,0,379
1790839123,0,379
1790839153,0,379
1790839183,0,379
1790839214,0,379
1790839244,0,379
1790839274,0,379
1790839304,0,379
1790839334,0,379
1790839364,0,379
1790839394,0,379
1790839424,0,379
1790839454,0,379
1790839484,0,379
1790839514,0,379
1790839544,0,379
1790839574,0,379
1790839604,0,379
1790839634,0,379
1790839665,0,379
1790839695,0,379
1790839725,0,379
1790839755,0,379
1790839785,0,379
1790839815,0,379
1790839845,0,379
1790839875,0,379
1790839905,0,379
1790839935,0,379
1790839965,0,379
1790839995,0,379
1790840025,0,379
1790840055,0,379
1790840085,0,379
1790840116,0,379
1790840146,0,379
1790840176,0,379
1790840206,0,379
1790840236,0,379
1790840266,0,379
1790840296,0,379
1790840326,0,379
1790840356,0,379
1790840386,0,379
1790840416,0,379
1790840446,0,379
1790840476,0,379
1790840507,0,379
1790840537,0,379
1790840567,0,379
1790840597,0,379
1790840627,0,379
1790840657,0,379
1790840687,0,379
1790840717,0,379
1790840747,0,379
1790840777,0,379
1790840807,0,379
1790840837,0,379
1790840867,0,379
1790840897,0,379
1790840927,0,379
1790840958,0,379
1790840988,0,379
1790841018,0,379
1790841048,0,379
1790841078,0,379
1790841108,0,379
1790841138,0,379
1790841168,0,379
1790841198,0,379
1790841228,0,379
1790841258,0,379
1790841288,0,379
1790841318,0,379
1790841348,0,379
1790841378,0,379
1790841409,0,379
1790841439,0,379
1790841469,0,379
1790841499,0,379
1790841529,0,379
1790841559,0,379
1790841589,0,379
1790841619,0,379
1790841649,0,379
1790841679,0,379
1790841709,0,379
1790841739,0,379
1790841770,0,379
1790841800,0,379
1790841830,0,379
1790841860,0,379
1790841890,0,379
1790841920,0,379
1790841950,0,379
1790841980,0,379
1790842010,0,379
1790842040,0,379
1790842070,0,379
1790842100,0,379
1790842130,0,379
1790842160,0,379
1790842191,0,379
1790842221,0,379
1790842251,0,379
1790842281,0,379
1790842311,0,379
1790842341,0,379
1790842371,0,379
1790842401,0,379
1790842431,0,379
1790842461,0,379
1790842491,0,379
1790842521,0,379
1790842551,0,379
1790842581,0,379
1790842611,0,379
1790842642,0,379
1790842672,0,379
1790842702,0,379
1790842732,0,379
1790842762,0,379
1790842792,0,379
1790842822,0,379
1790842852,0,379
1790842882,0,379
1790842912,0,379
1790842942,0,379
1790842972,0,379
1790843002,0,379
1790843032,0,379
1790843062,0,379
1790843093,0,379
1790843123,0,379
1790843153,0,379
1790843183,0,379
1790843213,0,379
1790843243,0,379
1790843273,0,379
1790843303,0,379
1790843333,0,379
1790843363,0,379
1790843393,0,379
1790843423,0,379
1790843453,0,379
1790843483,0,379
1790843513,0,379
1790843544,0,379
1790843574,0,379
1790843604,0,379
1790843634,0,379
1790843664,0,379
1790843694,0,379
1790843724,0,379
1790843754,0,379
1790843784,0,379
1790843814,0,379
1790843844,0,379
1790843874,0,379
1790843904,0,379
1790843934,0,379
1790843964,0,379
1790843995,0,379
1790844025,0,379
1790844055,0,379
1790844085,0,379
1790844115,0,379
1790844145,0,379
1790844175,0,379
1790844205,0,379
1790844235,0,379
1790844265,0,379
1790844295,0,379
1790844325,0,379
1790844355,0,379
1790844385,0,379
1790844415,0,379
1790844446,0,379
1790844476,0,379
1790844506,0,379
1790844536,0,379
1790844566,0,379
1790844596,0,379
1790844626,0,379
1790844656,0,379
1790844686,0,379
1790844716,0,379
1790844746,0,379
1790844776,0,379
1790844806,0,379
1790844836,0,379
1790844866,0,379
1790844897,0,379
1790844927,0,379
1790844957,0,379
1790844987,0,379
1790845017,0,379
1790845047,0,379
1790845077,0,379
1790845107,0,379
1790845137,0,379
1790845167,0,379
1790845197,0,379
1790845227,0,379
1790845257,0,379
1790845287,0,379
1790845317,0,379
1790845348,0,379
1790845378,0,379
1790845408,0,379
1790845438,0,379
1790845468,0,379
1790845498,0,379
1790845528,0,379
1790845558,0,379
1790845588,0,379
1790845618,0,379
1790845648,0,379
1790845678,0,379
1790845708,0,379
1790845738,0,379
1790845769,0,379
1790845799,0,379
1790845829,0,379
1790845859,0,379
1790845889,0,379
1790845919,0,379
1790845949,0,379
1790845979,0,379
1790846009,0,379
1790846039,0,379
1790846069,0,379
1790846099,0,379
1790846129,0,379
1790846159,0,379
1790846189,0,379
1790846220,0,379
1790846250,0,379
1790846280,0,379
1790846310,0,379
1790846340,0,379
1790846370,0,379
1790846400,0,379
1790846430,0,379
1790846460,0,379
1790846490,0,379
1790846520,0,379
1790846550,0,379
1790846580,0,379
1790846610,0,379
1790846640,1,379
1790846670,0,379
1790846701,1,379
1790846731,0,379
1790846761,0,379
1790846791,0,379
1790846821,0,379
1790846851,0,379
1790846881,0,379
1790846911,0,379
1790846941,0,379
1790846971,0,379
1790847001,0,379
1790847031,0,379
1790847061,0,379
1790847091,0,379
1790847121,0,379
1790847151,0,379
1790847182,0,379
1790847212,0,379
1790847242,0,379
1790847272,0,379
1790847302,0,379
1790847332,0,379
1790847362,0,379
1790847392,0,379
1790847422,0,379
1790847452,0,379
1790847482,0,379
1790847512,0,379
1790847542,0,379
1790847572,0,379
1790847602,0,379
1790847633,0,379
1790847663,0,379
1790847693,0,379
1790847723,0,379
1790847753,0,379
1790847783,0,379
1790847813,0,379
1790847843,0,379
1790847873,0,379
1790847903,0,379
1790847933,0,379
1790847963,0,379
1790847993,0,379
1790848023,0,379
1790848053,0,379
1790848083,0,379
1790848114,0,379
1790848144,0,379
1790848174,0,379
1790848204,0,379
1790848234,0,379
1790848264,0,379
1790848294,0,379
1790848324,0,379
1790848354,0,379
1790848384,0,379
1790848414,0,379
1790848444,0,379
1790848475,0,379
1790848505,0,379
1790848535,0,379
1790848565,0,379
1790848595,0,379
1790848625,0,379
1790848655,0,379
1790848685,0,379
1790848715,0,379
1790848745,0,379
1790848775,0,379
1790848805,0,379
1790848835,0,379
1790848865,0,379
1790848895,0,379
1790848925,0,379
1790848956,0,379
1790848986,0,379
1790849016,0,379
1790849046,0,379
1790849076,0,379
1790849106,0,379
1790849136,0,379
1790849166,0,379
1790849196,0,379
1790849226,0,379
1790849256,0,379
1790849286,0,379
1790849316,0,379
1790849346,0,379
1790849376,0,379
1790849407,0,379
1790849437,0,379
1790849467,0,379
1790849497,0,379
1790849527,0,379
1790849557,0,379
1790849587,0,379
1790849617,0,379
1790849647,0,379
1790849677,0,379
1790849707,0,379
1790849737,0,379
1790849767,0,379
1790849797,0,379
1790849827,0,379
1790849858,0,379
1790849888,0,379
1790849918,0,379
1790849948,0,379
1790849978,0,379
1790850008,0,379
1790850038,0,379
1790850068,0,379
1790850098,0,379
1790850128,0,379
1790850158,0,379
1790850188,0,379
1790850218,0,379
1790850248,0,379
1790850278,0,379
1790850309,0,379
1790850339,0,379
1790850369,0,379
1790850399,0,379
1790850429,0,379
1790850459,0,379
1790850489,0,379
1790850519,0,379
1790850549,0,379
1790850579,0,379
1790850609,0,379
1790850639,0,379
1790850669,0,379
1790850699,0,379
1790850729,0,379
1790850760,0,379
1790850790,0,379
1790850820,0,379
1790850850,0,379
1790850880,0,379
1790850910,0,379
1790850940,0,379
1790850970,0,379
1790851000,0,379
1790851031,0,379
1790851061,0,379
1790851091,0,379
1790851121,0,379
1790851151,0,379
1790851181,0,379
1790851211,0,379
1790851241,0,379
1790851271,0,379
1790851301,0,379
1790851331,0,379
1790851361,0,379
1790851391,0,379
1790851421,0,379
1790851452,0,379
1790851482,0,379
1790851512,0,379
1790851542,0,379
1790851572,0,379
1790851602,0,379
1790851632,0,379
1790851662,0,379
1790851692,0,379
1790851722,0,379
1790851752,0,379
1790851782,0,379
1790851812,0,379
1790851842,0,379
1790851872,0,379
1790851902,0,379
1790851933,0,379
1790851963,0,379
1790851993,0,379
1790852023,0,379
1790852053,0,379
1790852083,0,379
1790852113,0,379
1790852143,0,379
1790852173,0,379
1790852203,0,379
1790852233,0,379
1790852263,0,379
1790852293,0,379
1790852323,0,379
1790852353,0,379
1790852384,0,379
1790852414,0,379
1790852444,0,379
1790852474,0,379
1790852504,0,379
1790852534,0,379
1790852564,0,379
1790852594,0,379
1790852624,0,379
1790852654,0,379
1790852684,0,379
1790852714,0,379
1790852744,0,379
1790852774,0,379
1790852805,0,379
1790852835,0,379
1790852865,0,379
1790852895,0,379
1790852925,0,379
1790852955,0,379
1790852985,0,379
1790853015,0,379
1790853045,0,379
1790853075,0,379
1790853105,0,379
1790853135,0,379
1790853165,0,379
1790853195,0,379
1790853225,0,379
1790853256,0,379
1790853286,0,379
1790853316,0,379
1790853346,0,379
1790853376,0,379
1790853406,0,379
1790853436,0,379
1790853466,0,379
1790853496,0,379
1790853526,0,379
1790853556,0,379
1790853586,0,379
1790853616,0,379
1790853646,0,379
1790853677,0,379
1790853707,0,379
1790853737,0,379
1790853767,0,379
1790853797,0,379
1790853827,0,379
1790853857,0,379
1790853887,0,379
1790853917,0,379
1790853947,0,379
1790853977,0,379
1790854007,0,379
1790854037,0,379
1790854067,0,379
1790854097,0,379
1790854128,0,379
1790854158,0,379
1790854188,0,379
1790854218,0,379
1790854248,0,379
1790854278,0,379
1790854308,0,379
1790854338,0,379
1790854368,0,379
1790854398,0,379
1790854428,0,379
1790854458,0,379
1790854488,0,379
1790854518,0,379
1790854548,0,379
1790854579,0,379
1790854609,0,379
1790854639,0,379
1790854669,0,379
1790854699,0,379
1790854729,0,379
1790854759,0,379
1790854789,0,379
1790854819,0,379
1790854849,0,379
1790854879,0,379
1790854909,0,379
1790854939,0,379
1790854970,0,379
1790855000,0,379
1790855030,0,379
1790855060,0,379
1790855090,0,379
1790855120,0,379
1790855150,0,379
1790855180,0,379
1790855210,0,379
1790855240,0,379
1790855270,0,379
1790855300,0,379
1790855330,0,379
1790855360,0,379
1790855391,0,379
1790855421,0,379
1790855451,0,379
1790855481,0,379
1790855511,0,379
1790855541,0,379
1790855571,0,379
1790855601,0,379
1790855631,0,379
1790855661,0,379
1790855691,0,379
1790855721,0,379
1790855751,0,379
1790855781,0,379
1790855811,0,379
1790855842,0,379
1790855872,0,379
1790855902,0,379
1790855932,0,379
1790855962,0,379
1790855992,0,379
1790856022,0,379
1790856052,0,379
1790856082,0,379
1790856112,0,379
1790856142,0,379
1790856172,0,379
1790856202,0,379
1790856233,0,379
1790856263,0,379
1790856293,0,379
1790856323,0,379
1790856353,0,379
1790856383,0,379
1790856413,0,379
1790856443,0,379
1790856473,0,379
1790856503,0,379
1790856533,0,379
1790856563,0,379
1790856593,0,379
1790856624,0,379
1790856654,0,379
1790856684,0,379
1790856714,0,379
1790856744,0,379
1790856774,0,379
1790856804,0,379
1790856834,0,379
1790856864,0,379
1790856894,0,379
1790856924,0,379
1790856954,0,379
1790856984,0,379
1790857014,0,379
1790857045,0,379
1790857075,0,379
1790857105,0,379
1790857135,0,379
1790857165,0,379
1790857195,0,379
1790857225,0,379
1790857255,0,379
1790857285,0,379
1790857315,0,379
1790857346,0,379
1790857376,0,379
1790857406,0,379
1790857436,0,379
1790857466,0,379
1790857496,0,379
1790857526,0,379
1790857556,0,379
1790857586,0,379
1790857616,0,379
1790857646,0,379
1790857676,0,379
1790857706,0,379
1790857736,0,379
1790857767,0,379
1790857797,0,379
1790857827,0,379
1790857857,0,379
1790857887,0,379
1790857917,0,379
1790857947,0,379
1790857977,0,379
1790858007,0,379
1790858037,0,379
1790858067,0,379
1790858097,0,379
1790858127,0,379
1790858157,0,379
1790858188,0,379
1790858218,0,379
1790858248,0,379
1790858278,0,379
1790858308,0,379
1790858338,0,379
1790858368,0,379
1790858398,0,379
1790858428,0,379
1790858458,0,379
1790858488,0,379
1790858518,0,379
1790858548,0,379
1790858578,0,379
1790858609,0,379
1790858639,0,379
1790858669,0,379
1790858699,0,379
1790858729,0,379
1790858759,0,379
1790858789,0,379
1790858819,0,379
1790858849,0,379
1790858879,0,379
1790858909,0,379
1790858939,0,379
1790858969,0,379
1790858999,0,379
1790859029,0,379
1790859059,0,379
1790859090,0,379
1790859120,0,379
1790859150,0,379
1790859180,0,379
1790859210,0,379
1790859240,0,379
1790859270,0,379
1790859300,0,379
1790859330,0,379
1790859360,0,379
1790859390,0,379
1790859420,0,379
1790859450,0,379
1790859480,0,379
1790859510,0,379
1790859541,0,379
1790859571,0,379
1790859601,0,379
1790859631,0,379
1790859661,0,379
1790859691,0,379
1790859721,0,379
1790859751,0,379
1790859781,0,379
1790859811,0,379
1790859841,0,379
1790859871,0,379
1790859901,0,379
1790859931,0,379
1790859961,0,379
1790859992,0,379
1790860022,0,379
1790860052,0,379
1790860082,0,379
1790860112,0,379
1790860142,0,379
1790860172,0,379
1790860202,0,379
1790860232,0,379
1790860262,0,379
1790860292,0,379
1790860322,0,379
1790860352,0,379
1790860382,0,379
1790860413,0,379
1790860443,0,379
1790860473,0,379
1790860503,0,379
1790860533,0,379
1790860563,0,379
1790860593,0,379
1790860623,0,379
1790860653,0,379
1790860683,0,379
1790860713,0,379
1790860743,0,379
1790860773,0,379
1790860803,0,379
1790860833,0,379
1790860864,0,379
1790860894,0,379
1790860924,0,379
1790860954,0,379
1790860984,0,379
1790861014,0,379
1790861044,0,379
1790861074,0,379
1790861104,0,379
1790861134,0,379
1790861164,0,379
1790861194,0,379
1790861224,0,379
1790861254,0,379
1790861285,0,379
1790861315,0,379
1790861345,0,379
1790861375,0,379
1790861405,0,379
1790861435,0,379
1790861465,0,379
1790861495,0,379
1790861525,0,379
1790861555,0,379
1790861585,0,379
1790861615,0,379
1790861645,0,379
1790861675,0,379
1790861705,0,379
1790861736,0,379
1790861766,0,379
1790861796,0,379
1790861826,0,379
1790861856,0,379
1790861886,0,379
1790861916,0,379
1790861946,0,379
1790861976,0,379
1790862006,0,379
1790862036,0,379
1790862066,0,379
1790862096,0,379
1790862126,0,379
1790862156,0,379
1790862187,0,379
1790862217,0,379
1790862247,0,379
1790862277,0,379
1790862307,0,379
1790862337,0,379
1790862367,0,379
1790862397,0,379
1790862427,0,379
1790862457,0,379
1790862487,0,379
1790862517,0,379
1790862547,0,379
1790862577,0,379
1790862607,0,379
1790862638,0,379
1790862668,0,379
1790862698,0,379
1790862728,0,379
1790862758,0,379
1790862788,0,379
1790862818,0,379
1790862848,0,379
1790862878,0,379
1790862908,0,379
1790862938,0,379
1790862968,0,379
1790862998,0,379
1790863029,0,379
1790863059,0,379
1790863089,0,379
1790863119,0,379
1790863149,0,379
1790863179,0,379
1790863209,0,379
1790863239,0,379
1790863269,0,379
1790863299,0,379
1790863329,0,379
1790863359,0,379
1790863389,0,379
1790863419,0,379
1790863449,0,379
1790863480,0,379
1790863510,0,379
1790863540,0,379
1790863570,0,379
1790863600,0,379
1790863630,0,379
1790863660,0,379
1790863690,0,379
1790863720,0,379
1790863750,0,379
1790863780,0,379
1790863810,0,379
1790863840,0,379
1790863871,0,379
1790863901,0,379
1790863931,0,379
1790863961,0,379
1790863991,0,379
1790864021,0,379
1790864051,0,379
1790864081,0,379
1790864111,0,379
1790864141,0,379
1790864171,0,379
1790864201,0,379
1790864231,0,379
1790864261,0,379
1790864292,0,379
1790864322,0,379
1790864352,0,379
1790864382,0,379
1790864412,0,379
1790864442,0,379
1790864472,0,379
1790864502,0,379
1790864532,0,379
1790864562,0,379
1790864592,0,379
1790864622,0,379
1790864652,0,379
1790864682,0,379
1790864713,0,379
1790864743,0,379
1790864773,0,379
1790864803,0,379
1790864833,0,379
1790864863,0,379
1790864893,0,379
1790864923,0,379
1790864953,0,379
1790864983,0,379
1790865013,0,379
1790865043,0,379
1790865073,0,379
1790865103,0,379
1790865134,0,379
1790865164,0,379
1790865194,0,379
1790865224,0,379
1790865254,0,379
1790865284,0,379
1790865314,0,379
1790865344,0,379
1790865374,0,379
1790865404,0,379
1790865434,0,379
1790865464,0,379
1790865494,0,379
1790865524,0,379
1790865554,0,379
1790865585,0,379
1790865615,0,379
1790865645,0,379
1790865675,0,379
1790865705,0,379
1790865735,0,379
1790865765,0,379
1790865795,0,379
1790865825,0,379
1790865855,0,379
1790865885,0,379
1790865915,0,379
1790865945,0,379
1790865975,0,379
1790866006,0,379
1790866036,0,379
1790866066,0,379
1790866096,0,379
1790866126,0,379
1790866156,0,379
1790866186,0,379
1790866216,0,379
1790866246,0,379
1790866276,0,379
1790866306,0,379
1790866336,0,379
1790866366,0,379
1790866396,0,379
1790866426,0,379
1790866457,0,379
1790866487,0,379
1790866517,0,379
1790866547,0,379
1790866577,0,379
1790866607,0,379
1790866637,0,379
1790866667,0,379
1790866697,0,379
1790866727,0,379
1790866757,0,379
1790866787,0,379
1790866817,0,379
1790866847,0,379
1790866878,0,379
1790866908,0,379
1790866938,0,379
1790866968,0,379
1790866998,0,379
1790867028,0,379
1790867058,0,379
1790867088,0,379
1790867118,0,379
1790867148,0,379
1790867178,0,379
1790867208,0,379
1790867238,0,379
1790867268,0,379
1790867299,0,379
1790867329,0,379
1790867359,0,379
1790867389,0,379
1790867419,0,379
1790867449,0,379
1790867479,0,379
1790867509,0,379
1790867539,0,379
1790867569,0,379
1790867599,0,379
1790867629,0,379
1790867659,0,379
1790867689,0,379
1790867719,0,379
1790867750,0,379
1790867780,0,379
1790867810,0,379
1790867840,0,379
1790867870,0,379
1790867900,0,379
1790867930,0,379
1790867960,0,379
1790867990,0,379
1790868020,0,379
1790868050,0,379
1790868080,0,379
1790868110,0,379
1790868140,0,379
1790868170,0,379
1790868201,0,379
1790868231,0,379
1790868261,0,379
1790868291,0,379
1790868321,0,379
1790868351,0,379
1790868381,0,379
1790868411,0,379
1790868441,0,379
1790868471,0,379
1790868501,0,379
1790868531,0,379
1790868561,0,379
1790868592,0,379
1790868622,0,379
1790868652,0,379
1790868682,0,379
1790868712,0,379
1790868742,0,379
1790868772,0,379
1790868802,0,379
1790868832,0,379
1790868862,0,379
1790868892,0,379
1790868922,0,379
1790868952,0,379
1790868982,0,379
1790869012,0,379
1790869042,0,379
1790869073,0,379
1790869103,0,379
1790869133,0,379
1790869163,0,379
1790869193,0,379
1790869223,0,379
1790869253,0,379
1790869283,0,379
1790869313,0,379
1790869343,0,379
1790869373,0,379
1790869403,0,379
1790869433,0,379
1790869463,0,379
1790869494,0,379
1790869524,0,379
1790869554,0,379
1790869584,0,379
1790869614,0,379
1790869644,0,379
1790869674,0,379
1790869704,0,379
1790869734,0,379
1790869764,0,379
1790869794,0,379
1790869824,0,379
1790869854,0,379
1790869885,0,379
1790869915,0,379
1790869945,0,379
1790869975,0,379
1790870005,0,379
1790870035,0,379
1790870065,0,379
1790870095,0,379
1790870125,0,379
1790870155,0,379
1790870185,0,379
1790870215,0,379
1790870245,0,379
1790870275,0,379
1790870305,0,379
1790870336,0,379
1790870366,0,379
1790870396,0,379
1790870426,0,379
1790870456,0,379
1790870486,0,379
1790870516,0,379
1790870546,0,379
1790870576,0,379
1790870606,0,379
1790870636,0,379
1790870666,0,379
1790870696,0,379
1790870727,0,379
1790870757,0,379
1790870787,0,379
1790870817,0,379
1790870847,0,379
1790870877,0,379
1790870907,0,379
1790870937,0,379
1790870967,0,379
1790870997,0,379
1790871027,0,379
1790871057,0,379
1790871087,0,379
1790871117,0,379
1790871147,0,379
1790871178,0,379
1790871208,0,379
1790871238,0,379
1790871268,0,379
1790871298,0,379
1790871328,0,379
1790871358,0,379
1790871388,0,379
1790871418,0,379
1790871448,0,379
1790871478,0,379
1790871508,0,379
1790871538,0,379
1790871568,0,379
1790871598,0,379
1790871629,0,379
1790871659,0,379
1790871689,0,379
1790871719,0,379
1790871749,0,379
1790871779,0,379
1790871809,0,379
1790871839,0,379
1790871869,0,379
1790871899,0,379
1790871929,0,379
1790871959,0,379
1790871989,0,379
1790872019,0,379
1790872050,0,379
1790872080,0,379
1790872110,0,379
1790872140,0,379
1790872170,0,379
1790872200,0,379
1790872230,0,379
1790872260,0,379
1790872290,0,379
1790872320,0,379
1790872350,0,379
1790872380,0,379
1790872410,0,379
1790872440,0,379
1790872470,0,379
1790872501,0,379
1790872531,0,379
1790872561,0,379
1790872591,0,379
1790872621,0,379
1790872651,0,379
1790872681,0,379
1790872711,0,379
1790872741,0,379
1790872771,0,379
1790872801,0,379
1790872831,0,379
1790872861,0,379
1790872891,0,379
1790872921,0,379
1790872952,0,379
1790872982,0,379
1790873012,0,379
1790873042,0,379
1790873072,0,379
1790873102,0,379
1790873132,0,379
1790873162,0,379
1790873192,0,379
1790873222,0,379
1790873252,0,379
1790873282,0,379
1790873312,0,379
1790873342,0,379
1790873372,0,379
1790883062,0,377
1790883093,0,29574
1790883123,0,29574
1790883153,0,29574
1790883183,0,29574
1790883213,0,29576
1790883243,0,29580
1790883274,100,29596
1790883304,0,29608
1790883334,100,29610
1790883364,100,29610
1790883394,100,29610
1790883424,100,29610
1790883454,100,29610
1790883484,100,29610
1790883514,100,29610
1790883544,100,29610
1790883574,100,29610
1790883604,100,29610
1790883634,100,29610
1790883664,100,29610
1790883694,100,29610
1790883724,100,29610
1790883754,100,29610
1790883784,100,29610
1790883815,100,29610
1790883845,99,29610
1790883875,100,29610
1790883905,100,29610
1790883935,100,29610
1790883965,100,29610
1790883995,100,29610
1790884025,100,29610
1790884055,100,29610
1790884085,100,29610
1790884115,100,29610
1790884145,99,29610
1790884175,100,29610
1790884205,100,29610
1790884235,100,29610
1790884265,100,29610
1790884295,100,29610
1790884325,100,29610
1790884356,36,29610
1790884386,100,29610
1790884416,100,29610
1790884446,100,29610
1790884476,100,29610
1790884506,100,29610
1790884536,100,29610
1790884566,100,29610
1790884596,100,29610
1790884626,100,29610
1790884656,100,29610
1790884686,99,29610
1790884716,100,29610
1790884746,100,29610
1790884776,100,29610
1790884806,100,29610
1790884836,100,29610
1790884867,100,29610
1790884897,99,29610
1790884927,100,29610
1790884957,100,29610
1790884987,100,29610
1790885017,100,29610
1790885047,100,29610
1790885077,100,29610
1790885107,100,29610
1790885137,100,29610
1790885167,100,29610
1790885197,100,29610
1790885227,100,29610
1790885257,100,29610
1790885287,100,29610
1790885317,100,29610
1790885347,100,29610
1790885377,100,29610
1790885407,100,29610
1790885438,99,29610
1790885468,100,29610
1790885498,100,29610
1790885528,100,29610
1790885558,100,29610
1790885588,100,29610
1790885618,100,29610
1790885648,100,29610
1790885678,100,29610
1790885708,100,29610
1790885738,99,29610
1790885768,100,29610
1790885798,100,29610
1790885828,100,29610
1790885858,100,29610
1790885889,100,29610
1790885919,100,29610
1790885949,100,29610
1790885979,100,29610
1790886009,100,29610
1790886039,100,29610
1790886069,100,29610
1790886099,100,29610
1790886129,100,29610
1790886159,100,29610
1790886189,100,29610
1790886219,100,29610
1790886249,99,29610
1790886279,100,29610
1790886309,100,29610
1790886339,100,29610
1790886369,100,29610
1790886399,100,29610
1790886429,100,29610
1790886460,86,29610
1790886490,100,29610
1790886520,100,29610
1790886550,100,29610
1790886580,100,29610
1790886610,100,29610
1790886640,100,29610
1790886670,100,29610
1790886700,100,29610
1790886730,100,29610
1790886760,87,29610
1790886790,100,29610
1790886820,100,29610
1790886850,100,29610
1790886880,100,29610
1790886910,100,29610
1790886940,100,29610
1790886970,100,29610
1790887000,100,29610
1790887031,0,29610
1790887061,0,29610
1790887091,0,29610
1790887121,0,29610
1790887151,0,29610
1790887181,0,29610
1790887211,100,29610
1790887241,100,29610
1790887271,100,29610
1790887301,100,29610
1790887331,100,29610
1790887361,100,29610
1790887391,100,29610
1790887421,100,29610
1790887451,100,29610
1790887481,100,29610
1790887511,100,29610
1790887542,100,29610
1790887572,100,29610
1790887602,100,29610
1790887632,100,29610
1790887662,100,29610
1790887692,100,29610
1790887722,100,29610
1790887752,99,29610
1790887782,100,29610
1790887812,100,29610
1790887842,100,29610
1790887872,100,29610
1790887902,100,29610
1790887933,100,29610
1790887963,100,29610
1790887993,100,29610
1790888023,87,29610
1790888053,100,29610
1790888083,100,29610
1790888113,100,29610
1790888143,100,29610
1790888173,100,29610
1790888203,100,29610
1790888233,100,29610
1790888263,86,29610
1790888293,100,29610
1790888323,100,29610
1790888353,100,29610
1790888383,100,29610
1790888413,100,29610
1790888443,100,29610
1790888474,100,29610
1790888504,100,29610
1790888534,100,29610
1790888564,82,29610
1790888594,100,29610
1790888624,100,29610
1790888654,100,29610
1790888684,100,29610
1790888714,100,29610
1790888744,100,29610
1790888774,100,29610
1790888804,100,29610
1790888834,100,29610
1790888864,100,29610
1790888894,100,29610
1790888924,100,29610
1790888954,100,29610
1790888985,100,29610
1790889015,100,29610
1790889045,100,29610
1790889075,100,29610
1790889105,100,29610
1790889135,100,29610
1790889165,100,29610
1790889195,100,29610
1790889225,100,29610
1790889255,100,29610
1790889285,100,29610
1790889315,99,29610
1790889345,100,29610
1790889375,100,29610
1790889405,100,29610
1790889435,100,29610
1790889465,100,29610
1790889495,100,29610
1790889526,100,29610
1790889556,100,29610
1790889586,100,29610
1790889616,100,29610
1790889646,69,29610
1790889676,100,29610
1790889706,100,29610
1790889736,100,29610
1790889766,100,29610
1790889796,100,29610
1790889826,100,29610
1790889856,100,29610
1790889886,100,29610
1790889916,100,29610
1790889946,100,29610
1790889976,100,29610
1790890007,100,29610
1790890037,81,29610
1790890067,99,29610
1790890097,99,29610
1790890127,100,29610
1790890157,100,29610
1790890187,100,29610
1790890217,99,29610
1790890247,100,29610
1790890277,100,29610
1790890307,100,29610
1790890337,100,29610
1790890367,100,29610
1790890397,100,29610
1790890427,100,29610
1790890457,100,29610
1790890488,89,29610
1790890518,100,29610
1790890548,100,29610
1790890578,100,29610
1790890608,100,29610
1790890638,100,29610
1790890668,100,29610
1790890698,100,29610
1790890728,100,29610
1790890758,100,29610
1790890788,75,29610
1790890818,96,29610
1790890848,99,29610
1790890878,100,29610
1790890908,0,29610
1790890938,0,29610
1790890969,0,29610
1790890999,0,29610
1790891029,0,29610
1790891059,0,29610
1790891089,6,29610
1790891119,100,29610
1790891149,100,29610
1790891179,100,29610
1790891209,99,29610
1790891239,100,29610
1790891269,100,29610
1790891299,100,29610
1790891329,100,29610
1790891359,100,29610
1790891389,100,29610
1790891420,99,29610
1790891450,100,29610
1790891480,100,29610
1790891510,100,29610
1790891540,100,29610
1790891570,100,29610
1790891600,100,29610
1790891630,100,29610
1790891660,100,29610
1790891690,99,29610
1790891720,100,29610
1790891750,100,29610
1790891780,100,29610
1790891810,100,29610
1790891840,100,29610
1790891870,100,29610
1790891900,99,29610
1790891930,100,29610
1790891961,100,29610
1790891991,100,29610
1790892021,100,29610
1790892051,100,29610
1790892081,100,29610
1790892111,100,29610
1790892141,100,29610
1790892171,100,29610
1790892201,99,29610
1790892231,100,29610
1790892261,100,29610
1790892291,100,29610
1790892321,100,29610
1790892351,100,29610
1790892382,100,29610
1790892412,99,29610
1790892442,100,29610
1790892472,100,29610
1790892502,100,29610
1790892532,100,29610
1790892562,100,29610
1790892592,100,29610
1790892622,100,29610
1790892652,100,29610
1790892682,100,29610
1790892712,99,29610
1790892742,100,29610
1790892772,100,29610
1790892803,100,29610
1790892833,100,29610
1790892863,100,29610
1790892893,100,29610
1790892923,99,29610
1790892953,100,29610
1790892983,100,29610
1790893013,100,29610
1790893043,100,29610
1790893073,100,29610
1790893103,100,29610
1790893133,100,29610
1790893163,100,29610
1790893193,91,29610
1790893223,100,29610
1790893253,100,29610
1790893283,100,29610
1790893313,100,29610
1790893343,100,29610
1790893374,100,29610
1790893404,100,29610
1790893434,99,29610
1790893464,100,29610
1790893494,100,29610
1790893524,100,29610
1790893554,100,29610
1790893584,100,29610
1790893614,100,29610
1790893644,100,29610
1790893674,100,29610
1790893704,85,29610
1790893734,100,29610
1790893764,100,29610
1790893794,100,29610
1790893824,100,29610
1790893854,100,29610
1790893884,100,29610
1790893914,100,29610
1790893945,100,29610
1790893975,100,29610
1790894005,100,29610
1790894035,100,29610
1790894065,100,29610
1790894095,100,29610
1790894125,100,29610
1790894155,100,29610
1790894185,100,29610
1790894215,44,29610
1790894245,100,29610
1790894275,100,29610
1790894305,100,29610
1790894335,100,29610
1790894365,100,29610
1790894395,100,29610
1790894425,100,29610
1790894456,100,29610
1790894486,100,29610
1790894518,100,29610
1790894548,100,29610
1790894578,100,29610
1790894608,100,29610
1790894638,100,29610
1790894668,100,29610
1790894698,100,29610
1790894728,100,29610
1790894758,100,29610
1790894789,100,29610
1790894819,0,29610
1790894849,0,29610
1790894879,0,29610
1790894909,0,29610
1790894939,0,29610
1790894969,0,29610
1790894999,99,29610
1790895029,100,29610
1790895059,100,29610
1790895089,100,29610
1790895119,100,29610
1790895149,100,29610
1790895179,100,29610
1790895209,100,29610
1790895239,99,29610
1790895269,100,29610
1790895299,100,29610
1790895330,100,29610
1790895360,100,29610
1790895390,100,29610
1790895420,100,29610
1790895450,100,29610
1790895480,100,29610
1790895510,100,29610
1790895540,100,29610
1790895570,100,29610
1790895600,100,29610
1790895630,100,29610
1790895660,100,29610
1790895690,100,29610
1790895720,100,29610
1790895750,100,29610
1790895780,100,29610
1790895810,100,29610
1790895840,100,29610
1790895870,100,29610
1790895901,100,29610
1790895931,100,29610
1790895961,100,29610
1790895991,100,29610
1790896021,99,29610
1790896051,100,29610
1790896081,100,29610
1790896111,100,29610
1790896141,100,29610
1790896171,100,29610
1790896201,100,29610
1790896231,58,29610
1790896261,100,29610
1790896291,100,29610
1790896321,100,29610
1790896351,100,29610
1790896381,100,29610
1790896411,100,29610
1790896442,100,29610
1790896472,100,29610
1790896502,100,29610
1790896532,99,29610
1790896562,100,29610
1790896592,100,29610
1790896622,100,29610
1790896652,100,29610
1790896682,100,29610
1790896712,100,29610
1790896742,100,29610
1790896772,100,29610
1790896802,100,29610
1790896832,100,29610
1790896862,100,29610
1790896892,100,29610
1790896923,100,29610
1790896953,100,29610
1790896983,100,29610
1790897013,90,29610
1790897043,100,29610
1790897073,100,29610
1790897103,100,29610
1790897133,100,29610
1790897163,100,29610
1790897193,100,29610
1790897223,87,29610
1790897253,100,29610
1790897283,100,29610
1790897313,100,29610
1790897343,100,29610
1790897373,100,29610
1790897403,100,29610
1790897434,100,29610
1790897464,100,29610
1790897494,100,29610
1790897524,100,29610
1790897554,100,29610
1790897584,100,29610
1790897614,100,29610
1790897644,100,29610
1790897674,100,29610
1790897704,100,29610
1790897734,100,29610
1790897764,100,29610
1790897794,100,29610
1790897824,100,29610
1790897854,100,29610
1790897884,100,29610
1790897914,100,29610
1790897944,100,29610
1790897975,100,29610
1790898005,100,29610
1790898035,100,29610
1790898065,100,29610
1790898095,100,29610
1790898125,100,29610
1790898155,100,29610
1790898185,100,29610
1790898215,100,29610
1790898245,100,29610
1790898275,100,29610
1790898305,86,29610
1790898335,100,29610
1790898365,100,29610
1790898395,100,29610
1790898425,100,29610
1790898455,100,29610
1790898485,100,29610
1790898516,99,29610
1790898546,100,29610
1790898576,100,29610
1790898606,100,29610
1790898636,100,29610
1790898666,100,29610
1790898696,0,29610
1790898726,0,29610
1790898756,0,29610
1790898786,0,29610
1790898816,0,29610
1790898846,100,29610
1790898876,100,29610
1790898906,100,29610
1790898936,100,29610
1790898966,99,29610
1790898996,100,29610
1790899026,100,29610
1790899057,100,29610
1790899087,100,29610
1790899117,100,29610
1790899147,100,29610
1790899177,100,29610
1790899207,100,29871
1790899237,100,29610
1790899267,100,29610
1790899297,100,29610
1790899327,100,29610
1790899357,100,29610
1790899387,100,29610
1790899417,100,29610
1790899447,100,29610
1790899477,100,29610
1790899507,100,29610
1790899537,100,29610
1790899567,100,29610
1790899598,100,29610
1790899628,100,29610
1790899658,100,29610
1790899688,100,29610
1790899718,100,29610
1790899748,100,29610
1790899778,87,29610
1790899808,100,29610
1790899838,100,29610
1790899868,100,29610
1790899898,100,29610
1790899928,100,29610
1790899958,100,29610
1790899988,100,29610
1790900018,100,29610
1790900048,100,29610
1790900078,99,29610
1790900108,100,29610
1790900138,100,29610
1790900169,100,29610
1790900199,100,29610
1790900229,100,29610
1790900259,100,29610
1790900289,1,29610
1790900319,100,29610
1790900349,100,29610
1790900379,100,29610
1790900409,100,29610
1790900439,100,29610
1790900469,100,29610
1790900499,100,29610
1790900529,100,29610
1790900559,100,29610
1790900589,99,29610
1790900619,100,29610
1790900649,100,29610
1790900679,100,29610
1790900710,100,29610
1790900740,100,29610
1790900770,100,29610
1790900800,99,29610
1790900830,100,29610
1790900860,100,29610
1790900890,100,29610
1790900920,100,29610
1790900950,100,29610
1790900980,100,29610
1790901010,100,29610
1790901040,100,29610
1790901070,100,29610
1790901100,99,29610
1790901130,100,29610
1790901160,100,29610
1790901190,100,29610
1790901221,100,29610
1790901251,100,29610
1790901281,100,29610
1790901311,100,29610
1790901341,99,29610
1790901371,100,29610
1790901401,100,29610
1790901431,100,29610
1790901461,100,29610
1790901491,100,29610
1790901521,100,29610
1790901551,100,29610
1790901581,100,29610
1790901612,99,29610
1790901642,100,29610
1790901672,100,29610
1790901702,100,29610
1790901732,100,29610
1790901762,100,29610
1790901792,100,29610
1790901822,100,29610
1790901852,99,29610
1790901882,100,29610
1790901912,100,29610
1790901942,100,29610
1790901972,100,29610
1790902002,100,29610
1790902032,100,29610
1790902062,100,29610
1790902093,100,29610
1790902123,100,29610
1790902153,99,29610
1790902183,100,29610
1790902213,100,29610
1790902243,100,29610
1790902273,100,29610
1790902303,100,29610
1790902333,100,29610
1790902363,100,29610
1790902393,100,29610
1790902423,100,29610
1790902453,100,29610
1790902483,100,29610
1790902513,100,29610
1790902543,0,29610
1790902573,0,29610
1790902603,0,29610
1790902633,100,29610
1790902664,100,29610
1790902694,100,29610
1790902724,99,29610
1790902754,100,29610
1790902784,100,29610
1790902814,100,29610
1790902844,100,29610
1790902874,100,29610
1790902904,97,29610
1790902934,99,29610
1790902964,100,29610
1790902994,100,29610
1790903024,100,29610
1790903054,100,29610
1790903084,100,29610
1790903114,100,29610
1790903144,100,29610
1790903174,100,29610
1790903204,85,29610
1790903235,100,29610
1790903265,100,29610
1790903295,100,29610
1790903325,100,29610
1790903355,100,29610
1790903385,100,29610
1790903415,100,29610
1790903445,100,29610
1790903475,100,29610
1790903505,100,29610
1790903535,100,29610
1790903565,100,29610
1790903595,100,29610
1790903625,100,29610
1790903656,100,29610
1790903686,100,29610
1790903716,99,29610
1790903746,100,29610
1790903776,100,29610
1790903806,100,29610
1790903836,100,29610
1790903866,100,29610
1790903896,100,29610
1790903926,100,29610
1790903956,100,29610
1790903986,100,29610
1790904016,100,29610
1790904046,100,29610
1790904076,100,29610
1790904106,100,29610
1790904136,100,29610
1790904166,100,29610
1790904197,100,29610
1790904227,100,29610
1790904257,100,29610
1790904287,100,29610
1790904317,100,29610
1790904347,100,29610
1790904377,100,29610
1790904407,100,29610
1790904437,100,29610
1790904467,100,29610
1790904497,99,29610
1790904527,100,29610
1790904557,100,29610
1790904587,100,29610
1790904617,100,29610
1790904647,100,29610
1790904677,100,29610
1790904708,87,29610
1790904738,100,29610
1790904768,100,29610
1790904798,100,29610
1790904828,100,29610
1790904858,100,29610
1790904888,100,29610
1790904918,100,29610
1790904948,100,29610
1790904978,100,29610
1790905008,100,29610
1790905038,100,29610
1790905068,100,29610
1790905098,100,29610
1790905128,100,29610
1790905158,100,29610
1790905188,99,29610
1790905219,100,29610
1790905249,100,29610
1790905279,100,29610
1790905309,100,29610
1790905339,100,29610
1790905369,100,29610
1790905399,100,29610
1790905429,100,29610
1790905459,100,29610
1790905489,100,29610
1790905519,100,29610
1790905549,100,29610
1790905579,100,29610
1790905609,100,29610
1790905639,100,29610
1790905669,100,29610
1790905699,100,29610
1790905730,100,29610
1790905760,100,29610
1790905790,100,29610
1790905820,100,29610
1790905850,100,29610
1790905880,100,29610
1790905910,100,29610
1790905940,100,29610
1790905970,99,29610
1790906000,100,29610
1790906030,100,29610
1790906060,100,29610
1790906090,100,29610
1790906120,100,29610
1790906150,100,29610
1790906180,99,29610
1790906211,100,29610
1790906241,100,29610
1790906271,100,29610
1790906301,100,29610
1790906331,0,29610
1790906361,0,29610
1790906391,0,29610
1790906421,0,29610
1790906451,100,29610
1790906481,100,29610
1790906511,100,29610
1790906541,100,29610
1790906571,100,29610
1790906601,100,29610
1790906631,99,29610
1790906661,100,29610
1790906691,100,29610
1790906722,100,29610
1790906752,100,29610
1790906782,100,29610
1790906812,100,29610
1790906842,99,29610
1790906872,100,29610
1790906902,100,29610
1790906932,100,29610
1790906962,100,29610
1790906992,100,29610
1790907022,100,29610
1790907052,100,29610
1790907082,100,29610
1790907112,100,29610
1790907142,100,29610
1790907172,100,29610
1790907202,100,29610
1790907233,100,29610
1790907263,100,29610
1790907293,100,29610
1790907323,100,29610
1790907353,99,29610
1790907383,100,29610
1790907413,100,29610
1790907443,100,29610
1790907473,100,29610
1790907503,100,29610
1790907533,100,29610
1790907563,100,29610
1790907593,100,29610
1790907623,99,29610
1790907653,100,29610
1790907684,100,29610
1790907714,100,29610
1790907744,100,29610
1790907774,100,29610
1790907804,100,29610
1790907834,100,29610
1790907864,100,29610
1790907894,100,29610
1790907924,100,29610
1790907954,100,29610
1790907984,100,29610
1790908014,100,29610
1790908044,100,29610
1790908074,100,29610
1790908104,87,29610
1790908134,100,29610
1790908164,100,29610
1790908194,100,29610
1790908225,100,29610
1790908255,100,29610
1790908285,100,29610
1790908315,99,29610
1790908345,100,29610
1790908375,100,29610
1790908405,100,29610
1790908435,100,29610
1790908465,100,29610
1790908495,100,29610
1790908525,100,29610
1790908555,100,29610
1790908585,55,29610
1790908615,100,29610
1790908645,100,29610
1790908675,100,29610
1790908706,100,29610
1790908736,100,29610
1790908766,100,29610
1790908796,100,29610
1790908826,100,29610
1790908856,100,29610
1790908886,100,29610
1790908916,100,29610
1790908946,100,29610
1790908976,100,29610
1790909006,100,29610
1790909036,100,29610
1790909066,99,29610
1790909096,100,29610
1790909126,100,29610
1790909156,100,29610
1790909186,100,29610
1790909217,100,29610
1790909247,100,29610
1790909277,100,29610
1790909307,100,29610
1790909337,69,29610
1790909367,100,29610
1790909397,100,29610
1790909427,100,29610
1790909457,100,29610
1790909487,100,29610
1790909517,100,29610
1790909547,67,29610
1790909577,100,29610
1790909607,100,29610
1790909637,100,29610
1790909667,100,29610
1790909697,100,29610
1790909728,100,29610
1790909758,100,29610
1790909788,100,29610
1790909818,100,29610
1790909848,99,29610
1790909878,100,29610
1790909908,100,29610
1790909938,100,29610
1790909968,100,29610
1790909998,100,29610
1790910028,100,29610
1790910058,100,29610
1790910088,100,29610
1790910118,100,29610
1790910148,0,29610
1790910178,0,29610
1790910209,0,29610
1790910239,0,29610
1790910269,5,29610
1790910299,0,29610
1790910329,100,29610
1790910359,100,29610
1790910389,100,29610
1790910419,100,29610
1790910449,100,29610
1790910479,100,29610
1790910509,100,29610
1790910539,100,29610
1790910569,100,29610
1790910599,100,29610
1790910629,100,29610
1790910659,87,29610
1790910689,100,29610
1790910720,100,29610
1790910750,100,29610
1790910780,100,29610
1790910810,100,29610
1790910840,100,29610
1790910870,100,29610
1790910900,100,29610
1790910930,100,29610
1790910960,99,29610
1790910990,100,29610
1790911020,100,29610
1790911050,100,29610
1790911080,100,29610
1790911110,100,29610
1790911141,100,29610
1790911171,100,29610
1790911201,100,29610
1790911231,100,29610
1790911261,100,29610
1790911291,100,29610
1790911321,100,29610
1790911351,100,29610
1790911381,100,29610
1790911411,100,29610
1790911441,86,29610
1790911471,100,29610
1790911501,100,29610
1790911531,100,29610
1790911561,100,29610
1790911591,100,29610
1790911621,100,29610
1790911651,100,29610
1790911682,100,29610
1790911712,100,29610
1790911742,100,29610
1790911772,100,29610
1790911802,100,29610
1790911832,100,29610
1790911862,100,29610
1790911892,100,29610
1790911922,100,29610
1790911952,99,29610
1790911982,100,29610
1790912012,100,29610
1790912042,100,29610
1790912072,100,29610
1790912102,100,29610
1790912133,100,29610
1790912163,99,29610
1790912193,100,29610
1790912223,100,29610
1790912253,100,29610
1790912283,100,29610
1790912313,100,29610
1790912343,100,29610
1790912373,100,29610
1790912403,100,29610
1790912433,0,29610
1790912463,100,29610
1790912493,100,29610
1790912523,100,29610
1790912553,100,29610
1790912583,100,29610
1790912613,100,29610
1790912643,99,29610
1790912673,100,29610
1790912704,100,29610
1790912734,100,29610
1790912764,100,29610
1790912794,100,29610
1790912824,100,29610
1790912854,100,29610
1790912884,100,29610
1790912914,100,29610
1790912944,100,29610
1790912974,100,29610
1790913004,100,29610
1790913034,100,29610
1790913064,100,29610
1790913094,100,29610
1790913124,100,29610
1790913154,100,29610
1790913184,100,29610
1790913214,100,29610
1790913245,100,29610
1790913275,100,29610
1790913305,100,29610
1790913335,100,29610
1790913365,100,29610
1790913395,100,29610
1790913425,100,29610
1790913455,100,29610
1790913485,100,29610
1790913515,100,29610
1790913545,100,29610
1790913575,100,29610
1790913605,100,29610
1790913635,100,29610
1790913666,99,29610
1790913696,100,29610
1790913726,100,29610
1790913756,100,29610
1790913786,100,29610
1790913816,100,29610
1790913846,100,29610
1790913876,100,29610
1790913906,100,29610
1790913936,99,29610
1790913966,100,29610
1790913996,100,29610
1790914026,0,29610
1790914056,0,29610
1790914086,0,29610
1790914116,0,29610
1790914146,0,29610
1790914176,100,29610
1790914207,100,29610
1790914237,100,29610
1790914267,100,29610
1790914297,100,29610
1790914327,100,29610
1790914357,100,29610
1790914387,100,29610
1790914417,100,29610
1790914447,100,29610
1790914477,100,29610
1790914507,100,29610
1790914537,100,29610
1790914567,100,29610
1790914597,99,29610
1790914627,100,29610
1790914657,100,29610
1790914687,100,29610
1790914717,100,29610
1790914748,100,29610
1790914778,100,29610
1790914808,99,29610
1790914838,100,29610
1790914868,100,29610
1790914898,100,29610
1790914928,100,29610
1790914958,100,29610
1790914988,100,29610
1790915018,100,29610
1790915048,100,29610
1790915078,99,29610
1790915108,100,29610
1790915138,100,29610
1790915168,100,29610
1790915198,100,29610
1790915228,100,29610
1790915259,100,29610
1790915289,100,29610
1790915319,100,29610
1790915349,100,29610
1790915379,100,29610
1790915409,100,29610
1790915439,100,29610
1790915469,100,29610
1790915499,100,29610
1790915529,100,29610
1790915559,100,29610
1790915589,100,29610
1790915619,100,29610
1790915649,100,29610
1790915679,100,29610
1790915709,100,29610
1790915739,100,29610
1790915770,100,29610
1790915800,100,29610
1790915830,0,29610
1790915860,100,29610
1790915890,100,29610
1790915920,100,29610
1790915950,100,29610
1790915980,100,29610
1790916010,100,29610
1790916040,85,29610
1790916070,100,29610
1790916100,100,29610
1790916130,100,29610
1790916160,100,29610
1790916190,100,29610
1790916220,100,29610
1790916251,100,29610
1790916281,100,29610
1790916311,100,29610
1790916341,100,29610
1790916371,100,29610
1790916401,100,29610
1790916431,100,29610
1790916461,100,29610
1790916491,100,29610
1790916521,87,29610
1790916551,100,29610
1790916581,100,29610
1790916611,100,29610
1790916641,100,29610
1790916671,100,29610
1790916701,100,29610
1790916731,100,29610
1790916762,100,29610
1790916792,100,29610
1790916822,100,29610
1790916852,100,29610
1790916882,100,29610
1790916912,100,29610
1790916942,100,29610
1790916972,100,29610
1790917002,99,29610
1790917032,100,29610
1790917062,100,29610
1790917092,100,29610
1790917122,100,29610
1790917152,100,29610
1790917182,100,29610
1790917212,100,29610
1790917242,100,29610
1790917273,99,29610
1790917303,100,29610
1790917333,100,29610
1790917363,100,29610
1790917393,100,29610
1790917423,100,29610
1790917453,100,29610
1790917483,99,29610
1790917513,100,29610
1790917543,100,29610
1790917573,100,29610
1790917603,100,29610
1790917633,100,29610
1790917663,100,29610
1790917694,100,29610
1790917724,100,29610
1790917754,99,29610
1790917784,100,29610
1790917814,100,29610
1790917844,7,29610
1790917874,0,29610
1790917904,0,29610
1790917934,0,29610
1790917964,0,29610
1790917994,0,29610
