task,instance_id,q_score_a,seeds_a,success_a,q_missing_a,q_score_b,seeds_b,success_b,q_missing_b,dq
turning_on_radio,10,0.0,4,0.0,0,0.5,4,0.5,0,0.5
turning_on_radio,11,0.0,4,0.0,0,0.75,4,0.75,0,0.75
turning_on_radio,12,0.25,4,0.25,0,0.5,4,0.5,0,0.25
turning_on_radio,13,0.25,4,0.25,0,0.25,4,0.25,0,0.0
turning_on_radio,14,1.0,4,1.0,0,0.75,4,0.75,0,-0.25
turning_on_radio,15,1.0,4,1.0,0,0.5,4,0.5,0,-0.5
turning_on_radio,16,0.0,4,0.0,0,0.0,4,0.0,0,0.0
turning_on_radio,17,0.25,4,0.25,0,0.25,4,0.25,0,0.0
turning_on_radio,18,0.0,4,0.0,0,0.0,4,0.0,0,0.0
turning_on_radio,19,0.0,4,0.0,0,0.5,4,0.5,0,0.5
turning_on_radio,20,0.0,4,0.0,0,0.0,4,0.0,0,0.0
turning_on_radio,21,0.5,4,0.5,0,0.5,4,0.5,0,0.0
turning_on_radio,22,0.5,4,0.5,0,0.5,4,0.5,0,0.0
turning_on_radio,23,0.5,4,0.5,0,0.5,4,0.5,0,0.0
turning_on_radio,24,0.75,4,0.75,0,1.0,4,1.0,0,0.25
turning_on_radio,25,0.0,4,0.0,0,0.0,4,0.0,0,0.0
turning_on_radio,26,0.5,4,0.5,0,0.0,4,0.0,0,-0.5
turning_on_radio,27,1.0,4,1.0,0,1.0,4,1.0,0,0.0
turning_on_radio,28,1.0,4,1.0,0,0.75,4,0.75,0,-0.25
turning_on_radio,29,0.25,4,0.25,0,0.0,4,0.0,0,-0.25
turning_on_radio,30,0.5,4,0.5,0,0.25,4,0.25,0,-0.25
turning_on_radio,31,0.0,4,0.0,0,0.0,4,0.0,0,0.0
turning_on_radio,32,0.0,4,0.0,0,0.25,4,0.25,0,0.25
turning_on_radio,33,0.25,4,0.25,0,0.25,4,0.25,0,0.0
turning_on_radio,34,0.0,4,0.0,0,0.0,4,0.0,0,0.0
turning_on_radio,35,1.0,4,1.0,0,1.0,4,1.0,0,0.0
turning_on_radio,36,0.0,4,0.0,0,0.0,4,0.0,0,0.0
