1789436911,374
1789436914,374
1789436916,374
1789436918,374
1789436920,662
1789436922,662
1789436924,662
1789436926,662
1789436928,662
1789436930,662
1789436932,662
1789436934,662
1789436936,662
1789436938,662
1789436940,662
1789436942,662
1789436944,662
1789436946,662
1789436948,662
1789436950,662
1789436952,662
1789436954,662
1789436956,662
1789436958,662
1789436960,662
1789436963,662
1789436965,662
1789436967,662
1789436969,662
1789436971,662
1789436973,662
1789436975,662
1789436977,662
1789436979,662
1789436981,662
1789436983,662
1789436985,662
1789436987,662
1789436989,662
1789436991,662
1789436993,662
1789436995,662
1789436997,662
1789436999,662
1789437001,662
1789437003,662
1789437005,662
1789437007,662
1789437009,662
1789437012,662
1789437014,662
1789437016,662
1789437018,662
1789437020,662
1789437022,662
1789437024,662
1789437026,662
1789437028,662
1789437030,662
1789437032,662
1789437034,662
1789437036,792
1789437038,792
1789437040,792
1789437042,792
1789437044,792
1789437046,792
1789437048,792
1789437050,8988
1789437052,17186
1789437055,17186
1789437057,17186
1789437059,17196
1789437061,17196
1789437063,17196
1789437065,17196
1789437067,17196
1789437069,17196
1789437071,17196
1789437073,17196
1789437075,17196
1789437077,17196
1789437079,31206
1789437081,31206
1789437083,31206
1789437085,31206
1789437087,31206
1789437089,31206
1789437091,31206
1789437093,31206
1789437095,31206
1789437097,31206
1789437099,31206
1789437101,31206
1789437103,31206
1789437105,31206
1789437107,31206
1789437110,31206
1789437112,31206
1789437114,31206
1789437116,31206
1789437118,31206
1789437120,31206
1789437122,31206
1789437124,31206
1789437126,31206
1789437128,31206
1789437130,31206
1789437132,31206
1789437134,31206
1789437136,31206
1789437138,31206
1789437140,31206
1789437142,31206
1789437144,31206
1789437146,31206
1789437148,31206
1789437150,31206
1789437152,31206
1789437154,31206
1789437156,31206
1789437158,31206
1789437160,31206
1789437163,31206
1789437165,31206
1789437167,31206
1789437169,31206
1789437171,31206
1789437173,31206
1789437175,31206
1789437177,31206
1789437179,31206
1789437181,31206
1789437183,31206
1789437185,31206
1789437187,31206
1789437189,31206
1789437191,31206
1789437193,31206
1789437195,31206
1789437197,31206
1789437199,31206
1789437201,31206
1789437203,31206
1789437206,31206
1789437208,31206
1789437210,31206
1789437212,31206
1789437214,31206
1789437216,31206
1789437218,31206
1789437220,31206
1789437222,31206
1789437224,31206
1789437226,31206
1789437228,31206
1789437230,31206
1789437232,31206
1789437234,31206
1789437236,31206
1789437238,31206
1789437240,31206
1789437242,31206
1789437244,31206
1789437246,31206
1789437248,31206
1789437250,31206
1789437253,31206
1789437255,684
