1789516027,0,2
1789516032,0,2
1789516037,0,24382
1789516042,0,24382
1789516047,0,24382
1789516052,0,24382
1789516057,0,24382
1789516062,0,24382
1789516067,0,24382
1789516072,0,24382
1789516077,0,24382
1789516082,0,24382
1789516087,0,24382
1789516092,0,24382
1789516097,0,24382
1789516102,0,24382
1789516107,0,24382
1789516112,0,24382
1789516118,0,24382
1789516123,0,24382
1789516128,0,24382
1789516133,0,24382
1789516138,0,24382
1789516143,0,24382
1789516148,0,24382
1789516153,0,24382
1789516158,0,24382
1789516163,0,24382
1789516168,0,24382
1789516173,0,24382
1789516178,0,24384
1789516183,0,24384
1789516188,0,24384
1789516193,38,24394
1789516198,0,24394
1789516203,100,24408
1789516208,100,24408
1789516213,100,24408
1789516218,100,24408
1789516223,100,24408
1789516229,100,24408
1789516234,0,24408
1789516239,0,24408
1789516244,0,24408
1789516249,0,24408
1789516254,0,24408
1789516259,0,24408
1789516264,0,24408
1789516269,100,24408
1789516274,100,24408
1789516279,100,24408
1789516284,100,24408
1789516289,100,24408
1789516294,100,24408
1789516299,0,24408
1789516304,0,24408
1789516309,0,24408
1789516314,0,24408
1789516319,0,24408
1789516324,0,24408
1789516329,0,24408
1789516334,0,24408
1789516339,0,24408
1789516345,0,24408
1789516350,0,24408
1789516355,0,24408
1789516360,100,24408
1789516365,100,24408
1789516370,100,24408
1789516375,100,24408
1789516380,100,24408
1789516385,100,24408
1789516390,0,24408
1789516395,0,24408
1789516400,0,24408
1789516405,0,24408
1789516410,0,24408
1789516415,0,24408
1789516420,0,24408
1789516425,0,24408
1789516430,0,24408
1789516435,0,24408
1789516440,0,24408
1789516445,0,24408
1789516450,100,24408
1789516455,0,24408
1789516461,100,24408
1789516466,100,24408
1789516471,100,24408
1789516476,100,24408
1789516481,0,24408
1789516486,0,24408
1789516491,0,24408
1789516496,0,24408
1789516501,0,24408
1789516506,0,24408
1789516511,0,24408
1789516516,0,24408
1789516521,0,24408
1789516526,0,24408
1789516531,0,24408
1789516536,0,24408
1789516541,0,24408
1789516546,100,24408
1789516551,100,24408
1789516556,100,24408
1789516561,100,24408
1789516566,100,24408
1789516572,100,24408
1789516577,0,24408
1789516582,0,24408
1789516587,0,24408
1789516592,0,24408
1789516597,0,24408
1789516602,0,24408
1789516607,0,24408
1789516612,0,24408
1789516617,0,24408
1789516622,0,24408
1789516627,0,24408
1789516632,0,24408
1789516637,0,24408
1789516642,100,24408
1789516647,87,24408
1789516652,100,24408
1789516657,100,24408
1789516662,100,24408
1789516667,100,24408
1789516672,0,24408
1789516677,0,24408
1789516682,0,24408
1789516688,0,24408
1789516693,0,24408
1789516698,0,24408
1789516703,0,24408
1789516708,0,24408
1789516713,0,24408
1789516718,0,24408
1789516723,0,24408
1789516728,0,24408
1789516733,0,24408
1789516738,0,24408
1789516743,100,24408
1789516748,100,24408
1789516753,100,24408
1789516758,100,24408
1789516763,100,24408
1789516768,100,24408
1789516773,0,24408
1789516778,0,24408
1789516783,0,24408
1789516788,0,24408
1789516793,0,24408
1789516799,0,24408
1789516804,0,24408
1789516809,0,24408
1789516814,0,24408
1789516819,0,24408
1789516824,0,24408
1789516829,100,24408
1789516834,100,24408
1789516839,100,24408
1789516844,100,24408
1789516849,99,24408
1789516854,100,24408
1789516859,0,24408
1789516864,0,24408
1789516869,0,24408
1789516874,0,24408
1789516879,0,24408
1789516884,0,24408
1789516889,0,24408
1789516894,0,24408
1789516899,0,24408
1789516904,0,24408
1789516910,0,24408
1789516915,0,24408
1789516920,100,24408
1789516925,100,24408
1789516930,100,24408
1789516935,100,24408
1789516940,100,24408
1789516945,100,24408
1789516950,100,24408
1789516955,0,24408
1789516960,0,24408
1789516965,0,24408
1789516970,0,24408
1789516975,0,24408
1789516980,0,24408
1789516985,0,24408
1789516990,0,24408
1789516995,0,24408
1789517000,0,24408
1789517005,0,24408
1789517010,0,24408
1789517015,100,24408
1789517020,100,24408
1789517026,0,24408
1789517031,100,24408
1789517036,100,24408
1789517041,100,24408
1789517046,87,24408
1789517051,0,24408
1789517056,0,24408
1789517061,0,24408
1789517066,0,24408
1789517071,0,24408
1789517076,0,24408
1789517081,0,24408
1789517086,0,24408
1789517091,0,24408
1789517096,0,24408
1789517101,0,24408
1789517106,0,24408
1789517111,0,24408
1789517116,100,24408
1789517121,100,24408
1789517126,100,24408
1789517131,100,24408
1789517137,100,24408
1789517142,100,24408
1789517147,0,24408
1789517152,0,24408
1789517157,0,24408
1789517162,0,24408
1789517167,0,24408
1789517172,0,24408
1789517177,0,24408
1789517182,0,24408
1789517192,1,2
1789517197,0,2
1789517202,0,24382
1789517207,0,24382
1789517212,0,24382
1789517217,0,24382
1789517222,0,24382
1789517227,0,24382
1789517232,0,24382
1789517237,0,24382
1789517242,0,24382
1789517247,0,24382
1789517252,0,24382
1789517257,0,24382
1789517262,0,24382
1789517267,0,24382
1789517272,0,24382
1789517278,0,24382
1789517283,0,24382
1789517288,0,24382
1789517293,0,24382
1789517298,0,24382
1789517303,0,24382
1789517308,0,24382
1789517313,0,24382
1789517318,0,24382
1789517323,0,24382
1789517328,0,24382
1789517333,0,24382
1789517338,0,24382
1789517343,0,24382
1789517348,0,24382
1789517354,0,24382
1789517359,0,24382
1789517364,0,24382
1789517369,0,24382
1789517374,0,24382
1789517379,0,24382
1789517384,0,24382
1789517390,0,24382
1789517395,0,24382
1789517400,0,24382
1789517405,0,24382
1789517410,0,24382
1789517415,0,24382
1789517420,0,24382
1789517426,0,24382
1789517431,0,24382
1789517436,0,24382
1789517441,0,24382
1789517446,0,24382
1789517451,0,24382
1789517456,0,24382
1789517461,0,24382
1789517467,0,24382
1789517472,0,24382
1789517477,0,24382
1789517482,0,24382
1789517487,0,24382
1789517492,0,24382
1789517497,0,24382
1789517503,0,24382
1789517508,0,24382
1789517513,0,24382
1789517518,0,24382
1789517523,0,24382
1789517528,0,24384
1789517533,0,24384
1789517539,0,24384
1789517544,0,24384
1789517549,0,24384
1789517554,0,24384
1789517559,0,24384
1789517564,0,24384
1789517569,0,24384
1789517575,0,24384
1789517580,0,24388
1789517585,0,24394
1789517590,0,24394
1789517595,0,24394
1789517600,0,24394
1789517605,0,24394
1789517611,100,24408
1789517616,100,24408
1789517621,54,24408
1789517626,100,24408
1789517631,100,24408
1789517636,100,24408
1789517641,100,24408
1789517646,100,24408
1789517652,100,24408
1789517657,100,24408
1789517662,100,24408
1789517667,100,24408
1789517672,99,24408
1789517677,100,24408
1789517683,100,24408
1789517688,100,24408
1789517693,100,24408
1789517698,100,24408
1789517703,11,24669
1789517708,0,24408
1789517713,0,24408
1789517719,0,24408
1789517724,0,24408
1789517729,100,24408
1789517734,100,24408
1789517739,51,24408
1789517744,100,24408
1789517749,100,24408
1789517754,100,24408
1789517760,99,24408
1789517765,100,24408
1789517770,100,24408
1789517775,100,24408
1789517780,100,24408
1789517785,100,24408
1789517790,46,24408
1789517796,100,24408
1789517801,100,24408
1789517806,100,24408
1789517811,100,24408
1789517816,100,24408
1789517821,0,24408
1789517826,0,24408
1789517831,0,24408
1789517837,0,24408
1789517842,0,24408
1789517847,0,24408
1789517852,0,24408
1789517857,0,24408
1789517862,0,24408
1789517867,0,24408
1789517873,0,24408
1789517878,0,24408
1789517883,0,24408
1789517888,0,24408
1789517893,0,24408
1789517898,0,24408
1789517903,0,24408
1789517909,0,24408
1789517914,0,24408
1789517919,0,24408
1789517924,100,24408
1789517929,100,24408
1789517934,100,24408
1789517940,100,24408
1789517945,100,24408
1789517950,100,24408
1789517955,100,24408
1789517960,100,24408
1789517965,100,24408
1789517970,100,24408
1789517976,100,24408
1789517981,100,24408
1789517986,100,24408
1789517991,100,24408
1789517996,100,24408
1789518001,100,24408
1789518006,100,24408
1789518012,100,24408
1789518017,0,24408
1789518022,0,24408
1789518027,0,24408
1789518032,0,24408
1789518037,0,24408
1789518042,0,24408
1789518047,0,24408
1789518053,0,24408
1789518058,0,24408
1789518063,0,24408
1789518068,0,24408
1789518073,0,24408
1789518078,0,24408
1789518083,0,24408
1789518089,0,24408
1789518094,0,24408
1789518099,0,24408
1789518104,0,24408
1789518109,0,24408
1789518114,0,24408
1789518119,0,24408
1789518125,100,24408
1789518130,100,24408
1789518135,99,24408
1789518140,100,24408
1789518145,100,24408
1789518150,100,24408
1789518155,100,24408
1789518161,100,24408
1789518166,100,24408
1789518171,100,24408
1789518176,100,24408
1789518181,100,24408
1789518186,100,24408
1789518191,100,24408
1789518197,100,24408
1789518202,100,24408
1789518207,100,24408
1789518212,100,24408
1789518217,0,24408
1789518222,0,24408
1789518227,0,24408
1789518233,0,24408
1789518238,0,24408
1789518243,0,24408
1789518248,0,24408
1789518253,0,24408
1789518258,0,24408
1789518263,0,24408
1789518269,0,24408
1789518274,0,24408
1789518279,0,24408
1789518284,0,24408
1789518289,0,24408
1789518294,0,24408
1789518299,0,24408
1789518305,0,24408
1789518310,0,24408
1789518315,0,24408
1789518320,100,24408
1789518325,100,24408
1789518330,100,24408
1789518335,100,24408
1789518341,100,24408
1789518346,100,24408
1789518351,88,24408
1789518356,100,24408
1789518361,100,24408
1789518366,99,24408
1789518371,100,24408
1789518377,100,24408
1789518382,100,24408
1789518387,100,24408
1789518392,100,24408
1789518397,100,24408
1789518402,100,24408
1789518407,100,24408
1789518413,100,24408
1789518418,0,24408
1789518423,0,24408
1789518428,0,24408
1789518433,0,24408
1789518438,0,24408
1789518443,0,24408
1789518449,0,24408
1789518454,0,24408
1789518459,0,24408
1789518464,0,24408
1789518469,0,24408
1789518474,0,24408
1789518480,0,24408
1789518485,0,24408
1789518490,0,24408
1789518495,0,24408
1789518500,0,24408
1789518505,0,24408
1789518510,0,24408
1789518516,100,24408
1789518521,100,24408
1789518526,100,24408
1789518531,100,24408
1789518536,100,24408
1789518541,99,24408
1789518546,100,24408
1789518552,100,24408
1789518557,100,24408
1789518562,100,24408
1789518567,100,24408
1789518572,57,24408
1789518577,100,24408
1789518582,100,24408
1789518588,100,24408
1789518593,100,24408
1789518598,100,24408
1789518603,100,24408
1789518608,0,24408
1789518613,0,24408
1789518619,0,24408
1789518624,0,24408
1789518629,0,24408
1789518634,0,24408
1789518639,0,24408
1789518644,0,24408
1789518649,0,24408
1789518655,0,24408
1789518660,0,24408
1789518665,0,24408
1789518670,0,24408
1789518675,0,24408
1789518680,0,24408
1789518685,0,24408
1789518691,0,24408
1789518696,0,24408
1789518701,0,24408
1789518706,0,24408
1789518711,100,24408
1789518716,99,24408
1789518721,100,24408
1789518727,100,24408
1789518732,100,24408
1789518737,100,24408
1789518742,100,24408
1789518747,46,24408
1789518752,100,24408
1789518757,100,24408
1789518762,100,24408
1789518768,100,24408
1789518773,100,24408
1789518778,100,24408
1789518783,100,24408
1789518788,100,24408
1789518793,100,24408
1789518798,100,24408
1789518804,0,24408
1789518809,0,24408
1789518814,0,24408
1789518819,0,24408
1789518824,0,24408
1789518829,0,24408
1789518834,0,24408
1789518840,0,24408
1789518845,0,24408
1789518850,0,24408
1789518855,0,24408
1789518860,0,24408
1789518865,0,24408
1789518870,0,24408
1789518876,0,24408
1789518881,0,24408
1789518886,0,24408
1789518891,0,24408
1789518896,100,24408
1789518901,100,24408
1789518906,100,24408
1789518912,52,24408
1789518917,100,24408
1789518922,100,24408
1789518927,100,24408
1789518932,0,24408
1789518937,100,24408
1789518942,100,24408
1789518948,100,24408
1789518953,100,24408
1789518958,100,24408
1789518963,100,24408
1789518968,100,24408
1789518973,100,24408
1789518978,100,24408
1789518984,100,24408
1789518989,99,24408
1789518994,100,24408
1789518999,0,24408
1789519004,0,24408
1789519009,0,24408
1789519014,0,24408
1789519020,0,24408
1789519025,0,24408
1789519030,0,24408
1789519035,0,24408
1789519040,0,24408
1789519045,0,24408
1789519050,0,24408
1789519056,0,24408
1789519061,0,24408
1789519066,0,24408
1789519071,0,24408
1789519076,0,24408
1789519081,0,24408
1789519086,0,24408
1789519092,0,24408
1789519097,100,24408
1789519102,100,24408
1789519107,100,24408
1789519112,50,24408
1789519117,100,24408
1789519123,100,24408
1789519128,100,24408
1789519133,100,24408
1789519138,100,24408
1789519143,100,24408
1789519148,100,24408
1789519153,100,24408
1789519158,100,24408
1789519164,100,24408
1789519169,100,24408
1789519174,100,24408
1789519179,100,24408
1789519184,100,24408
1789519189,0,24408
1789519194,0,24408
1789519200,0,24408
1789519205,0,24408
1789519210,0,24408
1789519215,0,24408
1789519220,0,24408
1789519225,0,24408
1789519230,0,24408
1789519236,0,24408
1789519241,0,24408
1789519246,0,24408
1789519251,0,24408
1789519256,0,24408
1789519261,0,24408
1789519266,0,24408
1789519272,0,24408
1789519277,0,24408
1789519282,0,24408
1789519287,0,24408
1789519292,0,24408
1789519297,100,24408
1789519302,99,24408
1789519308,100,24408
1789519313,100,24408
1789519318,100,24408
1789519323,100,24408
1789519328,100,24408
1789519333,51,24408
1789519338,100,24408
1789519344,100,24408
1789519349,100,24408
1789519354,100,24408
1789519359,100,24408
1789519364,100,24408
1789519369,100,24408
1789519374,100,24408
1789519380,100,24408
1789519385,99,24408
1789519390,0,24408
1789519395,0,24408
1789519400,0,24408
1789519405,0,24408
1789519410,0,24408
1789519416,0,24408
1789519421,0,24408
1789519426,0,24408
1789519431,0,24408
1789519436,0,24408
1789519441,0,24408
1789519446,0,24408
1789519452,0,24408
1789519457,0,24408
1789519462,0,24408
1789519467,0,24408
1789519472,0,24408
1789519477,0,24408
1789519482,0,24408
1789519488,100,24408
1789519493,100,24408
1789519498,99,24408
1789519503,100,24408
1789519508,100,24408
1789519513,100,24408
1789519518,100,24408
1789519524,100,24408
1789519529,100,24408
1789519534,100,24408
1789519539,100,24408
1789519544,100,24408
1789519549,100,24408
1789519554,100,24408
1789519560,100,24408
1789519565,100,24408
1789519570,100,24408
1789519575,100,24408
1789519580,0,24408
1789519585,0,24408
1789519590,0,24408
1789519596,0,24408
1789519601,0,24408
1789519606,0,24408
1789519611,0,24408
1789519616,0,24408
1789519621,0,24408
1789519626,0,24408
1789519632,0,24408
1789519637,0,24408
1789519642,0,24408
1789519647,0,24408
1789519652,0,24408
1789519657,0,24408
1789519662,0,24408
1789519668,0,24408
1789519673,0,24408
1789519678,0,24408
1789519683,100,24408
1789519688,46,24408
1789519693,100,24408
1789519698,100,24408
1789519704,100,24408
1789519709,100,24408
1789519714,100,24408
1789519719,100,24408
1789519724,100,24408
1789519729,100,24408
1789519734,55,24408
1789519740,100,24408
1789519745,100,24408
1789519750,100,24408
1789519755,100,24408
1789519760,100,24408
1789519765,100,24408
1789519770,100,24408
1789519776,0,24408
1789519781,0,24408
1789519786,0,24408
1789519791,0,24408
1789519796,0,24408
1789519801,0,24408
1789519806,0,24408
1789519812,0,24408
1789519817,0,24408
1789519822,0,24408
1789519827,0,24408
1789519832,0,24408
1789519837,0,24408
1789519842,0,24408
1789519848,0,24408
1789519853,0,24408
1789519858,0,24408
1789519863,0,24408
1789519868,0,24408
1789519873,100,24408
1789519878,100,24408
1789519884,100,24408
1789519889,100,24408
1789519894,100,24408
1789519899,100,24408
1789519904,0,24408
1789519909,0,24408
1789519914,100,24408
1789519920,100,24408
1789519925,100,24408
1789519930,99,24408
1789519935,100,24408
1789519940,100,24408
1789519945,100,24408
1789519950,100,24408
1789519956,100,24408
1789519961,100,24408
1789519966,100,24408
1789519971,100,24408
1789519976,0,24408
1789519981,0,24408
1789519986,0,24408
1789519991,0,24408
1789519997,0,24408
1789520002,0,24408
1789520007,0,24408
1789520012,0,24408
1789520017,0,24408
1789520022,0,24408
1789520027,0,24408
1789520033,0,24408
1789520038,0,24408
1789520043,0,24408
1789520048,0,24408
1789520053,0,24408
1789520058,0,24408
1789520063,0,24408
1789520069,0,24408
1789520074,100,24408
1789520079,100,24408
1789520084,100,24408
1789520089,100,24408
1789520094,99,24408
1789520100,100,24408
1789520105,0,24408
1789520110,100,24408
1789520115,100,24408
1789520120,100,24408
1789520125,100,24408
1789520130,100,24408
1789520136,100,24408
1789520141,100,24408
1789520146,100,24408
1789520151,100,24408
1789520156,100,24408
1789520161,100,24408
1789520166,100,24408
1789520172,0,24408
1789520177,0,24408
1789520182,0,24408
1789520187,0,24408
1789520192,0,24408
1789520197,0,24408
1789520202,0,24408
1789520208,0,24408
1789520213,0,24408
1789520218,0,24408
1789520223,0,24408
1789520228,0,24408
1789520233,0,24408
1789520238,0,24408
1789520244,0,24408
1789520249,0,24408
1789520254,0,24408
1789520259,0,24408
1789520264,0,24408
1789520269,100,24408
1789520274,100,24408
1789520280,100,24408
1789520285,99,24408
1789520290,100,24408
1789520295,100,24408
1789520300,0,24408
1789520305,0,24408
1789520310,100,24408
1789520315,100,24408
1789520321,100,24408
1789520326,100,24408
1789520331,100,24408
1789520336,100,24408
1789520341,99,24408
1789520346,100,24408
1789520351,100,24408
1789520357,100,24408
1789520362,100,24408
1789520367,100,24408
1789520372,0,24408
1789520377,0,24408
1789520382,0,24408
1789520387,0,24408
1789520393,0,24408
1789520398,0,24408
1789520403,0,24408
1789520408,0,24408
1789520413,0,24408
1789520418,0,24408
1789520423,0,24408
1789520429,0,24408
1789520434,0,24408
1789520439,0,24408
1789520444,0,24408
1789520449,0,24408
1789520454,0,24408
1789520459,0,24408
1789520465,100,24408
1789520470,100,24408
1789520475,100,24408
1789520480,100,24408
1789520485,100,24408
1789520490,100,24408
1789520495,0,24408
1789520501,0,24408
1789520506,100,24408
1789520511,100,24408
1789520516,100,24408
1789520521,100,24408
1789520526,100,24408
1789520531,100,24408
1789520537,100,24408
1789520542,100,24408
1789520547,100,24408
1789520552,75,24408
1789520557,100,24408
1789520562,100,24408
1789520567,0,24408
1789520573,0,24408
1789520578,0,24408
1789520583,0,24408
1789520588,0,24408
1789520593,0,24408
1789520598,0,24408
1789520603,0,24408
1789520609,0,24408
1789520614,0,24408
1789520619,0,24408
1789520624,0,24408
1789520629,0,24408
1789520634,0,24408
1789520639,0,24408
1789520645,0,24408
1789520650,0,24408
1789520655,0,24408
1789520660,100,24408
1789520665,100,24408
1789520670,100,24408
1789520675,66,24408
1789520681,100,24408
1789520686,100,24408
1789520691,0,24408
1789520696,0,24408
1789520701,100,24408
1789520706,100,24408
1789520711,100,24408
1789520717,100,24408
1789520722,100,24408
1789520727,100,24408
1789520732,100,24408
1789520737,100,24408
1789520742,99,24408
1789520747,100,24408
1789520753,100,24408
1789520758,100,24408
1789520763,0,24408
1789520768,0,24408
1789520773,0,24408
1789520778,0,24408
1789520783,0,24408
1789520789,0,24408
1789520794,0,24408
1789520799,0,24408
1789520804,0,24408
1789520809,0,24408
1789520814,0,24408
1789520819,0,24408
1789520824,0,24408
1789520830,0,24408
1789520835,0,24408
1789520840,0,24408
1789520845,0,24408
1789520850,0,24408
1789520855,0,24408
1789520860,100,24408
1789520866,100,24408
1789520871,100,24408
1789520876,100,24408
1789520881,100,24408
1789520886,68,24408
1789520891,0,24408
1789520897,100,24408
1789520902,66,24408
1789520907,100,24408
1789520912,100,24408
1789520917,100,24408
1789520922,100,24408
1789520927,100,24408
1789520933,100,24408
1789520938,100,24408
1789520943,100,24408
1789520948,100,24408
1789520953,99,24408
1789520958,0,24408
1789520963,0,24408
1789520969,0,24408
1789520974,0,24408
1789520979,0,24408
1789520984,0,24408
1789520989,0,24408
1789520994,0,24408
1789520999,0,24408
1789521005,0,24408
1789521010,0,24408
1789521015,0,24408
1789521020,0,24408
1789521025,0,24408
1789521030,0,24408
1789521035,0,24408
1789521041,0,24408
1789521046,0,24408
1789521051,0,24408
1789521056,100,24408
1789521061,100,24408
1789521066,100,24408
1789521072,51,24408
1789521077,100,24408
1789521082,100,24408
1789521087,0,24408
1789521092,100,24408
1789521097,69,24408
1789521102,100,24408
1789521108,100,24408
1789521113,100,24408
1789521118,100,24408
1789521123,100,24408
1789521128,100,24408
1789521133,100,24408
1789521138,100,24408
1789521144,99,24408
1789521149,100,24408
1789521154,0,24408
1789521159,0,24408
1789521164,0,24408
1789521169,0,24408
1789521174,0,24408
1789521179,0,24408
1789521185,0,24408
1789521190,0,24408
1789521195,0,24408
1789521200,0,24408
1789521205,0,24408
1789521210,0,24408
1789521215,0,24408
1789521221,0,24408
1789521226,0,24408
1789521231,0,24408
1789521236,0,24408
1789521241,0,24408
1789521246,0,24408
1789521251,0,24408
1789521257,100,24408
1789521262,100,24408
1789521267,100,24408
1789521272,46,24408
1789521277,100,24408
1789521282,100,24408
1789521287,100,24408
1789521293,100,24408
1789521298,100,24408
1789521303,100,24669
1789521308,100,24408
1789521313,100,24408
1789521318,100,24408
1789521323,67,24408
1789521329,100,24408
1789521334,100,24408
1789521339,100,24408
1789521344,100,24408
1789521349,0,24408
1789521354,0,24408
1789521359,0,24408
1789521365,0,24408
1789521370,0,24408
1789521375,0,24408
1789521380,0,24408
1789521385,0,24408
1789521390,0,24408
1789521395,0,24408
1789521401,0,24408
1789521406,0,24408
1789521411,0,24408
1789521416,0,24408
1789521421,0,24408
1789521426,0,24408
1789521431,0,24408
1789521437,0,24408
1789521442,0,24408
1789521447,0,24408
1789521452,99,24408
1789521457,100,24408
1789521462,100,24408
1789521467,100,24408
1789521473,100,24408
1789521478,100,24408
1789521483,97,24408
1789521488,100,24408
1789521493,100,24408
1789521498,100,24408
1789521503,100,24408
1789521509,100,24408
1789521514,100,24408
1789521519,100,24408
1789521524,100,24408
1789521529,100,24408
1789521534,100,24408
1789521539,100,24408
1789521545,100,24408
1789521550,0,24408
1789521555,0,24408
1789521560,0,24408
1789521565,0,24408
1789521570,0,24408
1789521575,0,24408
1789521581,0,24408
1789521586,0,24408
1789521591,0,24408
1789521596,0,24408
1789521601,0,24408
1789521606,0,24408
1789521611,0,24408
1789521617,0,24408
1789521622,0,24408
1789521627,0,24408
1789521632,0,24408
1789521637,0,24408
1789521642,0,24408
1789521648,0,24408
1789521653,0,24408
1789521658,100,24408
1789521663,100,24408
1789521668,100,24408
1789521673,100,24408
1789521678,99,24408
1789521684,100,24408
1789521689,100,24408
1789521694,100,24408
1789521699,100,24408
1789521704,100,24408
1789521709,100,24408
1789521714,100,24408
1789521720,100,24408
1789521725,99,24408
1789521730,100,24408
1789521735,100,24408
1789521740,100,24408
1789521745,100,24408
1789521750,0,24408
1789521755,0,24408
1789521761,0,24408
1789521766,0,24408
1789521771,0,24408
1789521776,0,24408
1789521781,0,24408
1789521786,0,24408
1789521791,0,24408
1789521797,0,24408
1789521802,0,24408
1789521807,0,24408
1789521812,0,24408
1789521817,0,24408
1789521822,0,24408
1789521827,0,24408
1789521833,0,24408
1789521838,0,24408
1789521843,0,24408
1789521848,100,24408
1789521853,100,24408
1789521858,100,24408
1789521864,47,24408
1789521869,100,24408
1789521874,100,24408
1789521879,0,24408
1789521884,53,24408
1789521889,100,24408
1789521894,100,24408
1789521900,100,24408
1789521905,100,24408
1789521910,100,24408
1789521915,100,24408
1789521920,100,24408
1789521925,100,24408
1789521930,100,24408
1789521936,72,24408
1789521941,100,24408
1789521946,0,24408
1789521951,0,24408
1789521956,0,24408
1789521961,0,24408
1789521966,0,24408
1789521971,0,24408
1789521977,0,24408
1789521982,0,24408
1789521987,0,24408
1789521992,0,24408
1789521997,0,24408
1789522002,0,24408
1789522007,0,24408
1789522013,0,24408
1789522018,0,24408
1789522023,0,24408
1789522028,0,24408
1789522033,0,24408
1789522038,0,24408
1789522044,100,24408
1789522049,100,24408
1789522054,100,24408
1789522059,100,24408
1789522064,100,24408
1789522069,50,24408
1789522074,0,24408
1789522080,100,24408
1789522085,100,24408
1789522090,100,24408
1789522095,100,24408
1789522100,100,24408
1789522105,100,24408
1789522110,99,24408
1789522116,100,24408
1789522121,100,24408
1789522126,100,24408
1789522131,100,24408
1789522136,100,24408
1789522141,70,24408
1789522146,0,24408
1789522152,0,24408
1789522157,0,24408
1789522162,0,24408
1789522167,0,24408
1789522172,0,24408
1789522177,0,24408
1789522182,0,24408
1789522187,0,24408
1789522193,0,24408
1789522198,0,24408
1789522203,0,24408
1789522208,0,24408
1789522213,0,24408
1789522218,0,24408
1789522224,0,24408
1789522229,0,24408
1789522234,100,24408
1789522239,100,24408
1789522244,100,24408
1789522249,100,24408
1789522254,100,24408
1789522260,100,24408
1789522265,0,24408
1789522270,0,24408
1789522275,100,24408
1789522280,100,24408
1789522285,100,24408
1789522290,100,24408
1789522295,100,24408
1789522301,100,24408
1789522306,99,24408
1789522311,100,24408
1789522316,100,24408
1789522321,100,24408
1789522326,100,24408
1789522331,100,24408
1789522337,0,24408
1789522342,0,24408
1789522347,0,24408
1789522352,0,24408
1789522357,0,24408
1789522362,0,24408
1789522367,0,24408
1789522373,0,24408
1789522378,0,24408
1789522383,0,24408
1789522388,0,24408
1789522393,0,24408
1789522398,0,24408
1789522403,0,24408
1789522409,0,24408
1789522414,0,24408
1789522419,0,24408
1789522424,0,24408
1789522429,0,24408
1789522434,99,24408
1789522439,100,24408
1789522445,100,24408
1789522450,100,24408
1789522455,100,24408
1789522460,100,24408
1789522465,99,24408
1789522470,100,24408
1789522475,100,24408
1789522481,100,24408
1789522486,100,24408
1789522491,100,24408
1789522496,76,24408
1789522501,100,24408
1789522506,100,24408
1789522511,100,24408
1789522517,100,24408
1789522522,100,24408
1789522527,0,24408
1789522532,0,24408
1789522537,0,24408
1789522542,0,24408
1789522547,0,24408
1789522553,0,24408
1789522558,0,24408
1789522563,0,24408
1789522568,0,24408
1789522573,0,24408
1789522578,0,24408
1789522583,0,24408
1789522589,0,24408
1789522594,0,24408
1789522599,0,24408
1789522604,0,24408
1789522609,0,24408
1789522614,0,24408
1789522619,0,24408
1789522625,0,24408
1789522630,100,24408
1789522635,100,24408
1789522640,100,24408
1789522645,100,24408
1789522650,100,24408
1789522655,100,24408
1789522661,100,24408
1789522666,100,24408
1789522671,79,24408
1789522676,100,24408
1789522681,100,24408
1789522686,100,24408
1789522691,100,24408
1789522697,100,24408
1789522702,100,24408
1789522707,100,24408
1789522712,100,24408
1789522717,100,24408
1789522722,0,24408
1789522727,0,24408
1789522733,0,24408
1789522738,0,24408
1789522743,0,24408
1789522748,0,24408
1789522753,0,24408
1789522758,0,24408
1789522763,0,24408
1789522769,0,24408
1789522774,0,24408
1789522779,0,24408
1789522784,0,24408
1789522789,0,24408
1789522794,0,24408
1789522799,0,24408
1789522805,0,24408
1789522810,0,24408
1789522815,0,24408
1789522820,0,24408
1789522825,0,24408
1789522830,100,24408
1789522835,100,24408
1789522841,100,24408
1789522846,32,24408
1789522851,100,24408
1789522856,100,24408
1789522861,100,24408
1789522866,100,24408
1789522871,100,24408
1789522877,100,24408
1789522882,100,24408
1789522887,100,24408
1789522892,33,24408
1789522897,100,24408
1789522902,100,24408
1789522907,100,24408
1789522912,100,24408
1789522918,100,24408
1789522923,100,24408
1789522928,0,24408
1789522933,0,24408
1789522938,0,24408
1789522943,0,24408
1789522948,0,24408
1789522954,0,24408
1789522959,0,24408
1789522964,0,24408
1789522969,0,24408
1789522974,0,24408
1789522979,0,24408
1789522984,0,24408
1789522990,0,24408
1789522995,0,24408
1789523000,0,24408
1789523005,0,24408
1789523010,0,24408
1789523015,0,24408
1789523020,0,24408
1789523026,0,24408
1789523031,100,24408
1789523036,100,24408
1789523041,100,24408
1789523046,28,24408
1789523051,100,24408
1789523056,100,24408
1789523062,100,24408
1789523067,100,24408
1789523072,100,24408
1789523077,100,24408
1789523082,100,24408
1789523087,100,24408
1789523092,100,24408
1789523098,99,24408
1789523103,100,24408
1789523108,100,24408
1789523113,100,24408
1789523118,100,24408
1789523123,0,24408
1789523128,0,24408
1789523134,0,24408
1789523139,0,24408
1789523144,0,24408
1789523149,0,24408
1789523154,0,24408
1789523159,0,24408
1789523164,0,24408
1789523170,0,24408
1789523175,0,24408
1789523180,0,24408
1789523185,0,24408
1789523190,0,24408
1789523195,0,24408
1789523200,0,24408
1789523206,0,24408
1789523211,0,24408
1789523216,0,24408
1789523221,0,24408
1789523226,0,24408
1789523231,99,24408
1789523236,100,24408
1789523242,100,24408
1789523247,100,24408
1789523252,100,24408
1789523257,100,24408
1789523262,100,24408
1789523267,100,24408
1789523272,100,24408
1789523278,100,24408
1789523283,99,24408
1789523288,100,24408
1789523293,100,24408
1789523298,100,24408
1789523303,100,24408
1789523308,100,24408
1789523313,80,24408
1789523319,100,24408
1789523324,0,24408
1789523329,0,24408
1789523334,0,24408
1789523339,0,24408
1789523344,0,24408
1789523349,0,24408
1789523355,0,24408
1789523360,0,24408
1789523365,0,24408
1789523370,0,24408
1789523375,0,24408
1789523380,0,24408
1789523385,0,24408
1789523391,0,24408
1789523396,0,24408
1789523401,0,24408
1789523406,0,24408
1789523411,0,24408
1789523416,0,24408
1789523421,0,24408
1789523427,0,24408
1789523432,100,24408
1789523437,100,24408
1789523442,100,24408
1789523447,100,24408
1789523452,100,24408
1789523457,100,24408
1789523463,100,24408
1789523468,100,24408
1789523473,100,24408
1789523478,100,24408
1789523483,85,24408
1789523488,100,24408
1789523493,100,24408
1789523498,100,24408
1789523504,100,24408
1789523509,100,24408
1789523514,100,24408
1789523519,57,24408
1789523524,0,24408
1789523529,0,24408
1789523534,0,24408
1789523539,0,24408
1789523545,0,24408
1789523550,0,24408
1789523555,0,24408
1789523560,0,24408
1789523565,0,24408
1789523570,0,24408
1789523576,0,24408
1789523581,0,24408
1789523586,0,24408
1789523591,0,24408
1789523596,0,24408
1789523601,0,24408
1789523606,0,24408
1789523612,0,24408
1789523617,0,24408
1789523622,0,24408
1789523627,0,24408
1789523632,100,24408
1789523637,100,24408
1789523642,100,24408
1789523648,100,24408
1789523653,100,24408
1789523658,100,24408
1789523663,100,24408
1789523668,100,24408
1789523673,100,24408
1789523678,99,24408
1789523684,100,24408
1789523689,100,24408
1789523694,100,24408
1789523699,100,24408
1789523704,100,24408
1789523709,91,24408
1789523714,100,24408
1789523719,100,24408
1789523725,0,24408
1789523730,0,24408
1789523735,0,24408
1789523740,0,24408
1789523745,0,24408
1789523750,0,24408
1789523755,0,24408
1789523761,0,24408
1789523766,0,24408
1789523771,0,24408
1789523776,0,24408
1789523781,0,24408
1789523786,0,24408
1789523791,0,24408
1789523797,0,24408
1789523802,0,24408
1789523807,0,24408
1789523812,0,24408
1789523817,0,24408
1789523822,0,24408
1789523827,100,24408
1789523833,100,24408
1789523838,100,24408
1789523843,100,24408
1789523848,100,24408
1789523853,100,24408
1789523858,100,24408
1789523863,100,24408
1789523869,100,24408
1789523874,100,24408
1789523879,60,24408
1789523884,100,24408
1789523889,100,24408
1789523894,100,24408
1789523899,100,24408
1789523905,100,24408
1789523910,100,24408
1789523915,100,24408
1789523920,0,24408
1789523925,0,24408
1789523930,0,24408
1789523935,0,24408
1789523941,0,24408
1789523946,0,24408
1789523951,0,24408
1789523956,0,24408
1789523961,0,24408
1789523966,0,24408
1789523972,0,24408
1789523977,0,24408
1789523982,0,24408
1789523987,0,24408
1789523992,0,24408
1789523997,0,24408
1789524002,0,24408
1789524007,0,24408
1789524013,0,24408
1789524018,0,24408
1789524023,0,24408
1789524028,100,24408
1789524033,100,24408
1789524038,100,24408
1789524043,100,24408
1789524049,100,24408
1789524054,100,24408
1789524059,100,24408
1789524064,99,24408
1789524069,100,24408
1789524074,100,24408
1789524079,100,24408
1789524085,100,24408
1789524090,100,24408
1789524095,54,24408
1789524100,100,24408
1789524105,100,24408
1789524110,100,24408
1789524115,100,24408
1789524120,0,24408
1789524126,0,24408
1789524131,0,24408
1789524136,0,24408
1789524141,0,24408
1789524146,0,24408
1789524151,0,24408
1789524156,0,24408
1789524162,0,24408
1789524167,0,24408
1789524172,0,24408
1789524177,0,24408
1789524182,0,24408
1789524187,0,24408
1789524192,0,24408
1789524198,0,24408
1789524203,0,24408
1789524208,0,24408
1789524213,100,24408
1789524218,100,24408
1789524223,100,24408
1789524228,100,24408
1789524234,100,24408
1789524239,100,24408
1789524244,100,24408
1789524249,100,24408
1789524254,100,24408
1789524259,100,24408
1789524264,100,24408
1789524270,100,24408
1789524275,91,24408
1789524280,100,24408
1789524285,100,24408
1789524290,100,24408
1789524295,100,24408
1789524300,100,24408
1789524306,100,24408
1789524311,0,24408
1789524316,0,24408
1789524321,0,24408
1789524326,0,24408
1789524331,0,24408
1789524336,0,24408
1789524341,0,24408
1789524347,0,24408
1789524352,0,24408
1789524357,0,24408
1789524362,0,24408
1789524367,0,24408
1789524372,0,24408
1789524378,0,24408
1789524383,0,24408
1789524388,0,24408
1789524393,0,24408
1789524398,0,24408
1789524403,0,24408
1789524408,0,24408
1789524414,100,24408
1789524419,100,24408
1789524424,93,24408
1789524429,100,24408
1789524434,100,24408
1789524439,100,24408
1789524444,100,24408
1789524449,100,24408
1789524455,100,24408
1789524460,100,24408
1789524465,100,24408
1789524470,100,24408
1789524475,100,24408
1789524480,100,24408
1789524485,100,24408
1789524491,100,24408
1789524496,100,24408
1789524501,100,24408
1789524506,0,24408
1789524511,0,24408
1789524516,0,24408
1789524521,0,24408
1789524526,0,24408
1789524532,0,24408
1789524537,0,24408
1789524542,0,24408
1789524547,0,24408
1789524552,0,24408
1789524557,0,24408
1789524563,0,24408
1789524568,0,24408
1789524573,0,24408
1789524578,0,24408
1789524583,0,24408
1789524588,0,24408
1789524593,0,24408
1789524599,0,24408
1789524604,0,24408
1789524609,0,24408
1789524614,100,24408
1789524619,100,24408
1789524624,100,24408
1789524629,100,24408
1789524635,100,24408
1789524640,100,24408
1789524645,100,24408
1789524650,100,24408
1789524655,100,24408
1789524660,100,24408
1789524665,100,24408
1789524670,100,24408
1789524676,99,24408
1789524681,100,24408
1789524686,100,24408
1789524691,100,24408
1789524696,100,24408
1789524701,100,24408
1789524706,0,24408
1789524712,0,24408
1789524717,0,24408
1789524722,0,24408
1789524727,0,24408
1789524732,0,24408
1789524737,0,24408
1789524742,0,24408
1789524748,0,24408
1789524753,0,24408
1789524758,0,24408
1789524763,0,24408
1789524768,0,24408
1789524773,0,24408
1789524778,0,24408
1789524784,0,24408
1789524789,0,24408
1789524794,0,24408
1789524799,100,24408
1789524804,100,24408
1789524809,100,24408
1789524814,100,24408
1789524820,100,24408
1789524825,100,24408
1789524830,100,24408
1789524835,99,24408
1789524840,100,24408
1789524845,100,24408
1789524850,100,24408
1789524856,100,24408
1789524861,100,24408
1789524866,47,24408
1789524871,100,24408
1789524876,100,24408
1789524881,100,24408
1789524886,100,24408
1789524892,0,24408
1789524897,0,24408
1789524902,0,24408
1789524907,0,24408
1789524912,0,24408
1789524917,0,24408
1789524922,0,24408
1789524928,0,24408
1789524933,0,24408
1789524938,0,24408
1789524943,0,24408
1789524948,0,24408
1789524953,0,24408
1789524958,0,24408
1789524964,0,24408
1789524969,0,24408
1789524974,0,24408
1789524979,0,24408
1789524984,0,24408
1789524989,0,24408
1789524994,100,24408
1789525000,100,24408
1789525005,99,24408
1789525010,100,24408
1789525015,100,24408
1789525020,100,24408
1789525025,100,24408
1789525030,100,24408
1789525036,21,24408
1789525041,100,24408
1789525046,100,24408
1789525051,100,24408
1789525056,100,24408
1789525061,100,24408
1789525066,100,24408
1789525072,100,24408
1789525077,100,24408
1789525082,100,24408
1789525087,0,24408
1789525092,0,24408
1789525097,0,24408
1789525102,0,24408
1789525107,0,24408
1789525113,0,24408
1789525118,0,24408
1789525123,0,24408
1789525128,0,24408
1789525133,0,24408
1789525138,0,24408
1789525143,0,24408
1789525149,0,24408
1789525154,0,24408
1789525159,0,24408
1789525164,0,24408
1789525169,0,24408
1789525174,0,24408
1789525179,0,24408
1789525185,0,24408
1789525190,100,24408
1789525195,100,24408
1789525200,100,24408
1789525205,97,24408
1789525210,100,24408
1789525215,100,24408
1789525221,100,24408
1789525226,100,24408
1789525231,100,24408
1789525236,100,24408
1789525241,100,24408
1789525246,100,24408
1789525251,99,24408
1789525257,100,24408
1789525262,100,24408
1789525267,100,24408
1789525272,100,24408
1789525277,100,24408
1789525282,0,24408
1789525287,0,24408
1789525292,0,24408
1789525298,0,24408
1789525303,0,24408
1789525308,0,24408
1789525313,0,24408
1789525318,0,24408
1789525323,0,24408
1789525328,0,24408
1789525334,0,24408
1789525339,0,24408
1789525344,0,24408
1789525349,0,24408
1789525354,0,24408
1789525359,0,24408
1789525364,0,24408
1789525370,0,24408
1789525375,0,24408
1789525380,100,24408
1789525385,100,24408
1789525390,100,24408
1789525395,100,24408
1789525400,100,24408
1789525406,27,24408
1789525411,100,24408
1789525416,100,24408
1789525421,100,24408
1789525426,100,24408
1789525431,100,24408
1789525436,100,24408
1789525442,100,24408
1789525447,100,24408
1789525452,100,24408
1789525457,99,24408
1789525462,100,24408
1789525467,100,24408
1789525472,0,24408
1789525478,0,24408
1789525483,0,24408
1789525488,0,24408
1789525493,0,24408
1789525498,0,24408
1789525503,0,24408
1789525508,0,24408
1789525514,0,24408
1789525519,0,24408
1789525524,0,24408
1789525529,0,24408
1789525534,0,24408
1789525539,0,24408
1789525544,0,24408
1789525550,0,24408
1789525555,0,24408
1789525560,0,24408
1789525565,0,24408
1789525570,0,24408
1789525575,100,24408
1789525580,100,24408
1789525586,100,24408
1789525591,100,24408
1789525596,100,24408
1789525601,100,24408
1789525606,99,24408
1789525611,100,24408
1789525616,100,24408
1789525622,100,24408
1789525627,100,24408
1789525632,100,24408
1789525637,0,24408
1789525642,1,24408
1789525647,1,24408
1789525652,0,24408
1789525658,0,24408
1789525663,0,24408
1789525668,0,24408
1789525673,0,24408
1789525678,0,24408
1789525683,0,24408
1789525688,0,24408
1789525693,0,24408
1789525698,0,24408
1789525704,0,24408
1789525709,0,24408
1789525714,0,24408
1789525719,0,24408
1789525724,0,24408
1789525729,0,24408
1789525734,0,24408
1789525739,0,24408
1789525744,0,24408
1789525749,0,24408
1789525754,0,24408
1789525759,0,24408
1789525764,0,24408
